Rainfall_mm,Slope_Angle,Soil_Saturation,Vegetation_Cover,Earthquake_Activity,Proximity_to_Water,Soil_Type_Gravel,Soil_Type_Sand,Soil_Type_Silt,Random_Noise,Landslide,Split
215.5,34.2,0.61,0.279,3.62,4.44,0,1,0,0.766,1,test
153.0,31.1,0.747,0.109,2.13,1.09,0,1,0,0.205,1,train
262.6,50.2,0.804,0.556,0.15,5.74,1,0,0,0.231,1,train
245.3,46.0,0.925,0.2,4.39,1.44,0,0,0,0.889,1,train
59.5,4.1,0.831,1.0,7.18,0.72,0,0,1,0.875,0,train
302.0,7.4,0.151,0.0,6.47,4.74,0,1,0,0.67,1,test
253.0,37.4,0.55,0.229,4.01,7.56,0,1,0,0.164,0,test
237.9,34.9,0.227,0.275,5.65,8.42,1,0,0,0.381,0,train
77.5,17.5,0.328,0.141,3.86,8.11,1,0,0,0.236,0,train
164.3,26.3,0.793,0.256,5.02,8.24,0,0,1,0.672,1,test
124.9,44.1,0.589,0.617,5.3,8.07,0,1,0,0.78,1,train
276.2,47.1,1.0,0.33,6.36,7.4,0,0,1,0.142,1,train
226.3,37.5,0.439,0.586,4.41,0.31,0,0,1,0.898,0,test
262.0,25.8,0.516,0.882,8.2,5.75,0,0,1,0.463,1,train
159.0,20.1,0.433,0.659,4.26,0.83,0,0,0,0.795,0,train
108.2,37.5,0.042,0.726,0.19,1.43,1,0,0,0.052,0,train
195.6,26.3,0.249,0.298,2.06,1.18,0,0,1,0.361,0,train
75.2,31.1,0.507,0.096,4.55,8.55,0,0,1,0.015,0,train
250.2,44.2,0.16,0.337,5.0,6.97,0,1,0,0.718,1,test
226.3,9.3,0.92,0.985,4.95,9.99,1,0,0,0.079,1,train
255.3,3.7,0.127,0.581,6.91,9.45,1,0,0,0.338,0,train
146.8,17.7,0.115,0.373,2.98,8.45,1,0,0,0.782,0,train
282.6,49.0,0.744,0.5,6.2,0.97,0,1,0,0.749,1,train
261.0,44.9,0.108,0.798,6.89,8.51,1,0,0,0.64,1,train
240.7,16.0,0.878,0.625,3.7,8.59,0,0,1,0.694,0,train
99.4,51.4,0.697,0.547,3.9,8.75,1,0,0,0.651,1,train
145.5,29.1,0.088,0.865,2.01,0.97,1,0,0,0.641,0,train
66.9,26.1,0.783,0.748,4.13,1.15,0,1,0,0.35,1,train
104.0,55.5,0.64,0.702,7.45,8.67,1,0,0,0.028,0,test
227.7,6.8,0.826,0.192,8.43,2.06,0,0,0,0.442,1,train
228.1,12.9,0.865,0.147,6.13,4.1,0,1,0,0.045,1,train
282.3,39.5,0.783,1.0,2.48,4.55,1,0,0,0.469,1,train
135.1,19.6,0.55,0.602,6.08,1.38,1,0,0,0.464,0,test
140.8,42.3,0.31,0.44,6.58,1.08,0,1,0,0.179,1,train
172.7,15.9,0.685,0.625,2.84,9.86,0,0,1,0.784,0,train
104.6,11.8,0.99,0.091,6.64,8.29,0,0,1,0.704,0,train
95.6,16.3,0.635,0.775,1.21,9.41,0,1,0,0.56,0,train
155.3,25.0,0.672,0.176,0.0,2.28,0,0,1,0.926,0,train
109.4,12.7,0.49,0.787,1.17,2.1,0,1,0,0.287,0,train
213.1,11.5,0.722,0.492,0.84,3.96,0,0,0,0.262,0,test
158.1,53.1,1.0,0.188,8.16,4.18,0,0,1,0.183,1,train
268.5,22.6,0.221,0.071,3.51,0.0,0,1,0,0.544,1,train
236.7,25.5,0.243,0.837,2.02,8.24,0,0,1,0.205,0,test
144.9,3.5,0.547,0.096,3.94,10.52,0,0,0,0.869,0,train
263.2,26.7,0.524,0.037,3.27,5.75,0,1,0,0.304,1,train
249.9,19.6,0.518,0.745,2.48,4.05,0,0,0,0.491,0,train
143.8,46.2,0.061,0.361,1.31,3.8,0,0,0,0.53,0,train
101.3,15.1,0.422,0.324,6.22,0.0,1,0,0,0.308,0,train
236.7,54.8,0.503,0.166,0.9,2.85,0,0,1,0.738,1,test
81.1,64.6,0.614,0.89,6.58,3.88,0,0,1,0.692,0,train
106.0,11.1,0.582,0.205,1.82,3.36,0,1,0,0.761,0,test
60.0,10.7,0.695,0.196,6.8,5.37,0,1,0,0.606,0,train
231.8,8.4,0.644,0.29,7.84,8.62,0,0,0,0.46,0,train
205.1,43.7,0.746,0.196,0.7,2.03,0,0,1,0.449,1,train
244.9,8.2,0.63,0.333,0.65,1.04,0,1,0,0.717,1,train
248.7,53.2,0.542,0.179,9.02,0.61,1,0,0,0.377,0,train
157.8,45.1,0.557,0.063,4.96,1.22,0,1,0,0.437,0,train
190.7,49.5,0.135,0.47,5.27,6.4,0,0,0,0.164,1,train
98.0,29.7,0.227,0.729,0.0,8.86,0,0,1,0.68,0,test
89.8,63.8,0.665,0.141,2.66,9.12,1,0,0,0.077,1,train
199.5,6.6,0.866,0.09,4.32,5.96,0,0,0,0.991,0,train
187.4,23.4,0.609,1.0,7.67,3.76,0,0,0,0.144,0,test
202.9,26.6,0.031,0.867,2.54,0.82,0,1,0,0.383,0,test
239.4,55.7,0.661,0.757,7.6,3.99,1,0,0,0.238,1,train
194.4,37.7,0.197,0.306,5.44,2.8,0,0,1,0.291,1,train
201.0,51.9,0.652,0.394,1.64,8.54,1,0,0,0.322,1,train
195.5,15.8,0.879,0.19,2.41,5.0,0,1,0,0.718,0,train
108.5,52.2,0.569,0.078,2.28,1.27,0,0,1,0.177,1,train
54.9,34.5,0.631,0.427,4.62,2.26,0,0,0,0.264,0,train
196.7,31.9,0.395,0.55,5.85,1.11,0,1,0,0.101,1,train
103.8,57.4,0.463,0.311,3.78,9.16,0,0,0,0.331,0,train
143.2,25.6,1.0,0.643,2.49,0.26,0,0,0,0.941,0,train
251.2,22.0,0.62,0.242,6.19,0.0,1,0,0,0.38,1,train
129.8,37.7,0.471,0.326,5.47,1.48,1,0,0,0.777,1,test
74.7,7.9,0.353,0.797,4.59,7.38,0,0,1,0.462,0,test
137.2,21.8,0.186,0.84,5.33,4.97,0,0,1,0.45,0,train
126.4,16.1,0.251,0.293,1.44,6.15,0,1,0,0.824,0,train
230.5,13.9,0.27,0.664,5.72,3.42,0,0,1,0.027,1,train
179.1,50.2,0.326,0.266,2.92,0.74,0,0,1,0.865,1,train
247.9,41.8,0.903,0.032,3.25,8.77,0,0,1,0.485,1,train
219.5,27.6,0.455,0.727,0.74,2.26,0,0,1,0.351,0,train
168.2,26.2,0.188,0.198,5.09,0.01,1,0,0,0.907,0,train
257.3,25.4,0.195,0.364,4.98,4.94,1,0,0,0.34,1,train
84.2,35.5,0.324,0.513,3.65,1.47,1,0,0,0.978,0,train
56.4,56.8,0.809,0.2,7.34,1.15,0,0,0,0.936,1,test
52.4,54.1,0.43,0.0,7.09,7.53,0,0,0,0.268,1,train
202.7,30.1,0.673,0.456,1.08,5.05,0,0,1,0.341,0,train
175.4,21.1,0.806,1.0,6.93,2.95,1,0,0,0.812,0,test
85.8,27.1,0.045,0.567,3.5,4.35,0,0,1,0.196,0,train
172.1,36.9,0.591,0.314,8.98,7.42,1,0,0,0.732,1,train
98.0,28.3,0.924,0.053,2.54,1.19,0,1,0,0.129,0,train
240.8,41.3,0.364,0.515,2.88,0.56,0,1,0,0.206,0,train
168.0,38.4,0.064,0.174,4.15,6.14,0,0,0,0.501,0,train
168.4,23.0,0.937,0.514,2.19,5.9,1,0,0,0.746,0,test
131.4,24.4,0.87,0.849,6.41,9.9,0,0,1,0.739,0,train
211.2,26.4,0.544,0.374,3.78,4.55,0,0,0,0.609,1,train
143.3,5.1,0.5,0.293,1.74,0.78,0,0,1,0.272,0,train
56.5,15.3,0.253,0.123,5.13,4.91,1,0,0,0.415,0,train
91.0,45.3,0.807,0.005,8.52,5.75,0,0,0,0.246,1,train
261.1,29.1,0.47,0.446,7.31,2.22,0,0,1,0.277,1,train
270.1,18.6,0.0,0.949,3.72,5.79,0,1,0,0.323,0,train
225.2,35.3,0.669,0.211,2.11,2.2,0,0,1,0.599,1,train
107.0,49.7,1.0,0.498,1.35,8.28,0,0,0,0.208,0,train
286.9,18.3,0.825,0.597,7.84,8.49,0,1,0,0.043,1,train
266.8,51.2,0.209,0.096,5.89,3.8,0,1,0,0.692,1,train
242.5,55.1,0.108,0.176,5.05,9.86,0,1,0,0.022,0,test
154.1,39.2,0.912,0.395,8.62,9.21,1,0,0,0.971,1,train
112.4,40.7,0.954,0.654,1.26,1.11,0,0,1,0.35,1,train
58.8,12.8,0.496,0.353,6.23,3.36,1,0,0,0.007,0,train
284.1,63.1,0.719,0.593,1.54,4.37,0,1,0,0.885,1,train
160.9,29.2,0.427,1.0,0.43,0.67,0,1,0,0.6,0,train
77.0,60.4,0.504,0.79,3.7,3.38,0,1,0,0.817,0,train
127.7,32.2,0.056,1.0,2.81,2.51,0,1,0,0.435,0,test
200.1,1.0,0.079,0.771,8.5,9.52,0,0,1,0.354,0,train
105.8,6.2,0.317,0.766,3.07,5.0,0,1,0,0.655,0,test
263.3,42.5,0.847,0.785,6.95,7.78,1,0,0,0.406,1,test
235.2,35.4,0.282,0.835,6.8,4.03,0,0,0,0.556,0,train
253.7,1.5,0.211,0.841,6.6,1.57,0,0,0,0.278,0,train
158.1,49.3,0.564,0.889,9.07,9.07,0,1,0,0.333,1,train
215.5,58.3,0.329,0.402,3.98,0.23,0,1,0,0.082,1,test
189.6,36.1,0.072,0.607,3.44,0.7,1,0,0,0.781,1,test
220.7,33.9,0.465,0.496,1.74,4.0,1,0,0,0.349,1,train
53.6,6.0,0.32,0.974,3.02,5.66,0,1,0,0.975,0,train
148.4,45.7,0.675,0.42,7.12,4.46,0,0,0,0.26,1,train
45.9,23.4,0.816,0.748,4.86,1.46,0,0,1,0.475,0,train
166.2,59.6,0.187,0.796,2.85,3.29,0,1,0,0.306,0,train
147.5,24.5,0.945,0.978,1.73,1.74,0,0,0,0.694,0,train
78.8,34.7,1.0,0.172,4.22,0.66,0,1,0,0.808,1,train
84.5,23.2,0.892,0.734,6.58,5.0,0,1,0,0.487,0,test
215.1,17.4,0.653,0.829,2.14,1.43,0,1,0,0.367,0,train
92.3,45.1,0.702,0.945,6.71,2.23,1,0,0,0.745,0,train
293.2,31.5,0.672,0.859,5.88,7.53,0,0,0,0.191,0,train
201.6,33.0,0.663,0.542,7.18,6.53,0,1,0,0.599,1,train
138.1,58.3,0.0,0.48,2.41,2.67,0,0,1,0.734,1,train
206.7,61.3,0.924,0.159,5.55,2.23,0,1,0,0.269,0,train
77.8,49.6,0.583,0.994,1.66,2.45,0,0,0,0.656,0,train
282.0,18.6,0.792,0.201,3.7,9.36,0,0,1,0.735,1,train
159.1,38.0,0.249,0.841,6.92,2.47,0,1,0,0.117,1,train
233.5,60.3,0.0,0.843,5.86,1.62,1,0,0,0.324,1,train
82.6,26.6,0.511,0.334,2.07,5.02,0,0,0,0.406,0,train
185.2,10.3,0.54,0.105,8.07,1.38,0,1,0,0.776,0,train
166.2,51.3,0.535,0.13,1.55,1.43,0,1,0,0.568,1,test
258.8,30.5,0.351,0.951,5.84,0.83,0,0,0,0.45,1,train
184.8,30.7,0.195,0.564,8.82,6.65,1,0,0,0.319,1,test
174.9,58.3,0.418,0.188,4.42,6.31,0,1,0,0.004,0,train
115.9,37.6,0.416,0.718,7.1,6.86,0,1,0,0.02,1,test
135.1,23.6,0.918,0.238,5.22,7.87,0,1,0,0.24,0,test
173.9,25.1,0.225,0.802,7.25,3.59,0,1,0,0.117,0,train
171.9,21.8,0.404,0.331,5.62,8.74,0,1,0,0.12,0,train
59.5,10.5,0.201,0.189,6.7,7.53,1,0,0,0.603,0,train
263.6,49.4,0.577,0.071,1.49,8.85,1,0,0,0.605,1,train
275.9,51.4,0.577,0.609,6.02,6.37,1,0,0,0.045,1,train
91.4,19.4,0.705,0.443,2.09,3.83,0,0,0,0.594,0,train
194.0,21.5,0.824,0.831,8.49,3.17,0,0,1,0.146,1,train
66.0,50.7,0.234,0.369,1.55,4.96,0,1,0,0.377,0,test
222.5,6.4,0.616,0.505,1.88,1.33,0,1,0,0.99,0,train
129.8,33.8,0.056,0.239,7.42,4.56,0,0,1,0.522,0,test
228.7,27.8,0.287,0.321,2.19,0.65,1,0,0,0.034,0,train
236.7,43.8,0.302,0.98,3.0,0.0,0,1,0,0.348,1,train
230.6,14.8,0.013,0.135,6.22,9.12,0,0,1,0.671,1,train
67.2,41.3,0.666,1.0,1.43,6.23,0,1,0,0.225,0,train
273.8,33.0,0.687,0.379,1.84,6.36,0,0,1,0.964,1,test
109.8,38.6,0.756,0.046,4.97,3.64,0,0,0,0.425,0,train
57.9,6.4,0.495,0.207,2.25,5.25,0,0,0,0.021,0,test
175.2,29.1,0.54,0.061,2.21,9.05,1,0,0,0.541,1,train
129.2,30.8,0.395,0.783,0.01,7.1,1,0,0,0.676,0,train
232.3,18.8,0.044,0.596,3.53,6.52,1,0,0,0.456,0,train
214.6,10.6,0.137,0.379,3.02,4.14,0,0,1,0.928,0,train
127.7,13.7,0.697,0.658,0.81,1.89,0,0,0,0.902,0,test
316.1,22.3,1.0,0.667,4.84,7.18,0,0,0,0.139,1,train
144.3,7.4,0.081,0.817,5.55,9.37,0,1,0,0.08,0,train
167.0,51.8,0.535,0.924,0.77,4.56,0,0,0,0.312,0,train
115.8,25.9,0.664,0.698,2.84,4.4,0,1,0,0.608,0,test
266.4,52.1,0.855,0.885,7.48,4.84,0,0,0,0.602,0,test
75.4,59.2,0.553,0.804,4.72,5.13,0,1,0,0.272,1,test
46.9,14.1,0.65,0.579,4.03,10.52,1,0,0,0.951,0,train
156.1,43.1,0.621,0.757,3.88,7.94,1,0,0,0.307,1,train
295.9,54.5,0.966,0.049,1.17,4.28,0,0,0,0.804,1,train
276.0,45.5,0.165,0.75,7.65,4.45,0,1,0,0.832,1,test
245.1,28.3,0.909,0.986,8.41,4.29,0,1,0,0.098,1,train
268.7,28.9,0.0,0.058,8.15,0.0,0,1,0,0.233,1,train
273.8,6.9,0.901,0.928,1.65,6.52,0,1,0,0.215,0,train
166.6,39.0,0.011,0.866,2.75,8.15,0,0,0,0.92,1,train
112.8,59.7,0.33,0.245,1.93,7.22,1,0,0,0.351,0,test
225.0,55.8,0.0,0.569,2.12,1.71,1,0,0,0.836,1,train
223.2,9.0,0.548,0.909,2.37,7.76,0,0,1,0.478,0,train
139.4,41.4,0.323,0.928,5.45,5.97,0,1,0,0.457,0,train
51.2,23.2,0.261,0.123,1.7,2.42,1,0,0,0.903,0,test
235.9,55.9,0.407,0.398,8.08,6.18,1,0,0,0.441,1,test
100.6,6.9,0.404,0.668,1.19,6.34,1,0,0,0.745,0,test
304.1,58.2,0.816,0.157,0.5,8.93,0,1,0,0.424,1,train
103.3,46.6,0.933,0.394,7.81,0.81,1,0,0,0.102,1,test
88.9,12.0,0.719,0.047,6.56,2.28,1,0,0,0.053,0,train
270.8,6.9,0.095,0.214,3.31,5.47,0,0,1,0.208,0,train
76.9,59.5,0.3,0.608,5.36,1.61,0,0,0,0.722,0,train
95.7,14.0,0.988,0.784,1.49,4.51,0,0,0,0.374,0,train
206.5,32.6,0.046,0.716,1.1,7.65,0,1,0,0.454,0,train
270.0,51.2,0.441,0.735,3.7,0.85,0,1,0,0.102,1,train
103.4,40.1,0.929,0.443,3.12,5.51,0,0,0,0.623,0,train
111.6,25.8,0.963,0.24,5.63,10.27,0,0,1,0.803,1,train
251.0,27.1,0.416,0.0,1.38,5.05,0,1,0,0.625,1,train
287.1,9.5,0.62,0.122,6.0,4.17,0,1,0,0.985,1,train
179.4,60.2,0.441,0.295,6.55,5.12,0,1,0,0.016,1,train
97.0,24.0,0.762,0.211,1.07,2.18,0,1,0,0.016,0,train
61.5,15.5,0.025,0.016,0.14,1.65,0,1,0,0.5,0,train
111.6,21.2,0.239,0.091,3.51,5.8,1,0,0,0.266,0,train
90.7,58.7,0.675,0.575,7.21,4.27,0,0,0,0.687,1,train
227.7,11.2,0.25,0.756,5.79,2.11,0,0,1,0.793,0,train
98.4,54.0,0.62,0.955,6.64,0.99,0,0,1,0.102,1,train
176.2,47.2,0.302,0.749,3.45,8.56,1,0,0,0.917,1,train
225.5,50.8,1.0,0.595,1.95,0.09,0,0,1,0.03,0,train
206.5,56.2,0.759,0.269,5.54,7.99,0,0,1,0.688,1,train
94.1,50.9,0.5,0.601,1.19,4.0,1,0,0,0.385,0,train
235.0,59.1,0.795,0.0,7.05,6.65,0,0,1,0.667,1,test
234.8,6.6,0.252,0.59,2.43,2.52,0,0,1,0.098,0,train
232.3,43.4,0.434,0.279,2.93,1.62,0,0,0,0.937,1,train
68.3,37.8,0.15,0.415,4.43,5.19,1,0,0,0.937,0,train
86.9,39.5,0.828,0.212,4.95,7.09,0,0,0,0.519,0,test
299.1,50.6,0.78,0.641,5.28,2.8,0,1,0,0.51,1,train
129.8,58.8,0.982,0.858,3.65,4.11,1,0,0,0.635,1,test
137.5,42.6,0.877,0.644,8.12,4.77,1,0,0,0.58,1,test
141.7,30.8,0.928,0.622,7.33,1.72,1,0,0,0.544,1,train
210.9,31.0,0.235,0.607,7.53,4.62,0,1,0,0.589,0,train
311.0,22.4,0.972,0.0,6.11,1.56,0,1,0,0.859,0,train
117.7,21.6,0.551,0.64,5.41,5.28,0,0,1,0.611,0,train
282.3,25.6,0.477,0.537,5.47,1.08,1,0,0,0.196,1,train
65.4,9.5,0.484,0.25,3.34,4.11,0,0,0,0.914,0,train
168.2,5.9,0.413,0.292,2.91,3.27,1,0,0,0.216,0,train
209.4,50.3,0.288,0.864,4.87,4.66,0,0,1,0.165,1,train
77.2,28.3,0.238,0.656,0.0,3.89,0,0,0,0.997,0,train
107.4,54.9,0.041,0.512,0.02,8.4,0,0,0,0.213,0,test
139.9,39.5,0.423,0.557,8.09,4.77,0,0,1,0.1,1,test
287.0,6.5,0.788,0.358,0.59,8.51,0,0,1,0.562,1,train
187.9,16.2,0.584,0.478,4.93,2.46,1,0,0,0.827,1,test
270.8,13.5,0.556,0.232,5.48,3.08,1,0,0,0.061,1,train
264.6,54.5,0.371,0.451,1.65,0.82,0,1,0,0.49,1,train
167.2,16.1,0.371,0.774,8.38,4.65,1,0,0,0.069,0,train
239.5,33.5,0.155,0.036,1.49,6.1,0,1,0,0.429,1,train
48.2,52.8,0.8,0.722,8.29,8.41,1,0,0,0.344,1,train
70.5,54.6,0.178,0.307,7.36,6.33,0,0,0,0.137,1,train
251.7,18.5,0.709,0.672,1.83,5.76,0,0,0,0.931,0,test
234.0,5.4,0.822,0.634,1.08,2.35,0,0,0,0.635,0,train
105.1,9.1,0.65,0.681,2.63,1.18,0,0,1,0.843,0,train
178.4,11.4,0.983,0.65,2.99,7.81,1,0,0,0.906,0,train
192.4,13.8,0.194,0.961,2.02,1.5,1,0,0,0.93,0,test
268.8,39.7,0.83,0.505,9.5,1.43,0,0,1,0.748,1,train
203.7,55.3,0.771,0.856,1.65,9.28,0,0,1,0.307,1,test
146.5,35.4,0.772,0.777,8.01,8.46,0,1,0,0.829,0,train
141.8,38.8,0.716,0.286,1.26,6.11,0,1,0,0.52,1,train
182.4,8.1,0.859,0.291,9.5,4.02,0,1,0,0.272,1,train
238.4,45.6,1.0,0.364,1.76,8.7,1,0,0,0.386,1,train
254.2,38.6,0.483,0.345,3.74,1.61,0,1,0,0.301,1,train
152.5,53.6,0.878,0.375,4.66,4.16,0,1,0,0.466,1,train
99.2,51.8,0.72,0.356,0.81,4.06,0,0,1,0.781,0,train
121.9,24.0,0.447,0.589,7.89,9.1,0,0,0,0.485,1,test
231.7,6.6,0.909,0.162,2.66,8.43,0,1,0,0.268,0,train
257.0,18.1,0.304,0.868,5.35,7.13,0,0,1,0.087,0,test
100.3,29.0,0.654,0.479,4.42,1.0,0,0,0,0.856,0,train
66.5,59.2,0.151,0.717,5.69,5.37,1,0,0,0.417,0,train
207.1,29.0,0.205,0.079,0.11,1.76,0,0,1,0.442,0,train
92.8,48.8,0.919,0.429,0.98,8.79,0,1,0,0.764,0,train
249.1,37.3,0.359,0.0,1.55,1.64,0,0,1,0.85,1,test
140.3,14.0,0.284,0.591,2.81,0.5,1,0,0,0.511,0,train
75.8,31.1,0.306,0.299,1.33,6.45,0,0,0,0.632,0,train
296.3,37.3,0.415,0.896,8.58,3.34,0,0,0,0.239,1,train
84.3,40.4,0.794,0.341,4.97,9.15,1,0,0,0.935,1,train
115.4,31.6,0.908,0.612,6.2,0.87,1,0,0,0.568,0,train
75.3,19.8,0.093,0.25,2.74,8.59,1,0,0,0.72,0,train
67.8,46.2,0.626,0.705,3.09,0.84,0,0,1,0.114,0,train
50.2,16.3,0.502,0.42,5.28,0.58,0,0,1,0.637,0,train
34.7,50.3,0.647,0.362,2.5,4.45,1,0,0,0.369,0,train
90.9,20.1,0.4,0.201,2.43,2.46,0,0,0,0.45,0,train
57.2,10.3,0.416,0.177,3.52,6.65,0,1,0,0.682,1,train
207.3,36.1,0.382,0.126,4.37,0.3,0,1,0,0.796,0,train
225.3,27.5,0.676,1.0,9.5,1.3,0,1,0,0.349,1,train
139.9,33.7,0.417,0.313,2.02,6.52,0,1,0,0.873,0,train
124.0,27.3,0.451,0.0,4.14,1.3,0,1,0,0.219,1,train
173.3,61.4,0.739,1.0,1.07,7.06,0,1,0,0.563,0,train
286.6,32.7,0.702,0.0,2.62,7.09,0,1,0,0.151,1,train
252.9,32.4,0.342,0.499,6.81,1.61,0,0,0,0.289,1,train
52.2,25.0,0.769,0.747,1.53,8.37,0,1,0,0.895,0,train
81.8,8.5,0.922,0.87,6.07,3.48,0,0,0,0.012,0,train
91.4,37.1,0.167,0.663,4.0,4.34,0,0,1,0.916,0,test
116.0,19.0,0.555,0.577,0.8,0.41,0,0,1,0.328,0,train
195.2,43.0,0.277,1.0,8.3,7.56,0,1,0,0.696,1,train
169.5,8.2,0.812,0.032,3.29,6.35,0,0,1,0.092,1,train
74.8,55.1,0.293,0.995,6.71,4.3,0,1,0,0.641,0,train
172.2,31.1,0.603,0.811,3.2,10.48,1,0,0,0.909,0,test
180.1,62.2,0.214,0.937,8.8,3.68,1,0,0,0.555,1,train
72.3,36.1,0.54,0.214,2.46,8.87,1,0,0,0.362,0,test
242.8,1.0,0.97,0.138,4.09,7.42,0,0,0,0.794,1,train
71.3,50.4,0.318,0.772,6.88,9.52,0,0,0,0.713,0,test
282.6,43.4,0.921,0.51,2.98,8.98,0,0,1,0.118,1,train
82.6,47.4,0.933,0.46,2.81,10.62,1,0,0,0.666,0,train
247.2,27.2,0.953,0.843,9.07,2.01,0,0,0,0.665,1,train
279.9,39.3,0.198,0.628,4.91,8.04,0,0,1,0.752,1,test
297.4,53.7,0.752,0.265,6.57,7.74,0,1,0,0.316,0,train
252.2,36.3,0.0,0.415,5.5,7.1,0,1,0,0.401,1,train
236.7,27.7,0.361,0.036,7.7,1.78,0,0,1,0.96,1,train
224.9,41.3,0.88,0.234,8.41,9.87,1,0,0,0.573,1,train
269.4,39.1,0.677,0.08,5.18,2.41,0,1,0,0.509,1,train
70.3,61.2,0.464,0.813,2.97,4.58,0,0,1,0.987,0,train
192.7,20.8,0.304,0.685,0.43,5.7,1,0,0,0.23,1,train
144.0,26.7,0.845,0.633,6.29,1.61,0,1,0,0.398,0,train
272.4,48.0,0.727,0.385,7.58,6.95,0,1,0,0.76,1,train
143.3,39.2,0.475,0.785,4.33,1.37,0,0,1,0.713,0,test
140.0,43.5,0.909,0.847,1.47,6.39,0,0,0,0.967,0,train
194.1,23.8,0.193,0.967,2.28,8.92,0,0,0,0.654,1,train
114.0,15.1,0.181,0.534,4.11,2.5,0,0,1,0.313,1,train
95.0,47.4,0.795,0.841,8.04,7.24,0,0,1,0.398,0,train
147.2,14.6,1.0,0.584,1.14,1.59,0,0,1,0.09,0,train
149.9,22.8,0.23,0.529,5.81,8.19,0,1,0,0.924,1,train
102.0,43.7,0.218,0.897,6.95,9.72,1,0,0,0.129,0,test
160.9,46.7,0.0,0.367,8.79,1.49,0,0,1,0.546,1,train
146.8,51.5,0.925,0.386,0.84,7.45,0,0,1,0.401,1,train
117.7,24.9,0.274,0.373,8.02,5.34,0,1,0,0.134,0,train
139.2,10.0,0.471,0.599,5.56,5.54,0,0,0,0.293,0,train
240.1,55.6,0.905,0.509,6.78,7.21,0,0,1,0.634,1,test
132.8,12.2,0.0,0.616,0.0,4.65,0,1,0,0.031,0,train
276.2,12.1,0.583,0.376,5.33,5.85,1,0,0,0.966,1,test
275.9,19.6,0.507,0.268,5.29,2.43,1,0,0,0.909,1,train
167.4,33.4,0.849,0.811,2.36,3.7,0,1,0,0.085,0,train
125.6,55.7,0.36,0.395,3.79,9.21,0,1,0,0.868,0,train
163.3,45.7,0.468,0.956,5.49,1.15,1,0,0,0.329,0,train
254.0,40.1,0.19,0.175,4.11,6.16,1,0,0,0.068,0,train
229.8,9.8,0.791,0.654,0.84,1.14,1,0,0,0.306,0,train
246.5,25.3,0.659,0.449,3.59,8.94,0,0,1,0.809,0,train
181.9,31.5,0.063,0.928,2.03,5.5,0,0,1,0.666,0,train
209.9,11.4,0.372,0.158,7.98,3.51,0,1,0,0.239,1,train
148.7,18.6,0.958,0.786,9.5,3.32,1,0,0,0.719,1,train
233.8,23.1,0.116,0.627,2.75,4.72,1,0,0,0.708,0,train
113.7,16.2,0.289,0.644,1.29,10.06,1,0,0,0.743,0,train
216.5,32.9,0.518,0.484,1.86,5.32,0,1,0,0.541,0,train
262.1,44.0,0.217,0.0,4.34,4.65,1,0,0,0.819,1,train
83.2,11.7,0.324,0.403,7.94,7.32,0,1,0,0.641,1,train
194.3,29.1,0.427,0.408,4.68,4.18,0,0,0,0.125,0,train
71.3,48.0,0.359,0.287,0.5,4.84,0,1,0,0.81,0,train
242.1,46.0,0.485,0.573,0.0,3.34,0,0,0,0.324,1,train
61.5,45.9,0.833,0.514,1.91,2.55,1,0,0,0.705,0,train
284.0,30.2,0.62,0.0,7.83,7.04,0,1,0,0.675,1,train
92.9,50.2,0.031,0.014,5.33,8.03,0,0,0,0.336,0,test
279.8,19.9,0.858,0.245,5.34,8.2,0,1,0,0.162,1,test
263.4,21.3,0.221,0.219,2.88,7.96,0,0,1,0.695,0,train
199.3,14.7,0.751,0.585,8.28,4.31,0,0,0,0.849,1,train
243.7,34.9,0.411,0.179,3.46,2.72,0,0,1,0.838,1,train
224.7,32.8,0.832,0.855,6.82,6.72,0,1,0,0.627,1,train
282.0,22.1,0.242,0.206,7.79,9.53,0,1,0,0.227,1,train
117.8,42.8,0.186,0.045,4.84,7.69,1,0,0,0.316,0,test
218.5,23.6,0.427,0.841,8.78,4.97,1,0,0,0.755,1,train
80.6,18.6,0.028,0.259,3.41,6.89,1,0,0,0.411,1,train
217.6,13.1,0.236,0.382,5.95,7.44,0,0,0,0.732,0,train
78.3,26.8,0.611,1.0,0.97,9.9,0,0,1,0.309,0,test
189.7,16.5,0.848,0.991,4.59,6.87,0,1,0,0.006,0,train
207.8,24.3,0.075,0.659,2.47,4.48,1,0,0,0.603,0,train
155.8,20.1,0.804,0.0,0.69,2.65,0,0,1,0.601,0,train
192.2,47.8,0.778,0.584,0.4,5.39,0,0,0,0.628,1,train
249.8,57.4,0.851,1.0,3.11,3.27,0,1,0,0.268,0,train
253.1,33.0,0.814,0.885,5.51,9.43,0,1,0,0.811,1,test
169.1,41.6,0.687,0.096,3.73,4.95,0,0,0,0.487,1,train
188.1,54.3,0.587,0.401,2.58,5.42,0,0,0,0.762,1,train
304.1,59.1,0.646,0.309,8.71,3.48,0,0,0,0.611,1,test
87.5,39.0,0.807,0.102,7.98,7.38,0,1,0,0.416,1,train
83.4,59.2,0.141,0.764,0.47,5.34,1,0,0,0.68,1,train
67.0,55.4,0.276,0.301,3.57,1.3,0,1,0,0.575,1,train
214.9,48.7,0.052,0.396,5.73,8.62,0,1,0,0.511,1,train
156.6,30.7,0.882,0.126,6.64,3.87,0,0,0,0.649,1,train
248.4,8.8,0.45,0.552,3.52,4.03,1,0,0,0.086,0,train
226.6,4.6,0.739,0.253,6.79,2.13,0,0,1,0.91,1,train
124.0,31.9,0.897,0.512,1.01,5.54,0,0,0,0.335,0,train
257.0,30.7,1.0,0.283,2.62,7.18,0,0,0,0.225,0,train
241.6,27.0,0.265,1.0,6.8,8.99,0,0,1,0.772,0,train
96.7,33.9,0.677,0.105,5.59,0.72,0,0,0,0.231,1,train
137.2,35.7,0.816,0.573,7.36,9.78,1,0,0,0.996,1,test
122.5,52.8,0.0,0.24,0.35,7.82,0,1,0,0.42,0,test
95.3,10.3,0.792,0.192,1.28,3.05,1,0,0,0.297,0,test
110.7,11.4,0.313,0.144,0.22,3.35,0,0,0,0.062,0,train
260.7,50.4,0.619,0.088,1.5,2.99,0,0,0,0.042,1,train
186.8,52.0,0.501,0.099,0.0,9.24,1,0,0,0.095,1,train
143.0,56.7,0.283,0.524,4.8,2.55,1,0,0,0.005,1,train
236.6,55.3,0.046,0.639,4.92,5.33,0,1,0,0.327,1,test
171.3,49.7,0.041,0.116,6.54,6.71,0,1,0,0.31,1,train
296.0,25.4,0.103,0.356,3.95,8.95,0,0,0,0.43,0,train
245.6,26.9,0.71,0.629,0.81,6.45,1,0,0,0.233,0,train
169.1,12.9,0.35,0.247,6.29,7.76,0,0,1,0.063,0,test
120.8,38.9,0.169,0.381,0.71,1.62,0,0,1,0.071,0,test
297.5,55.4,0.563,0.189,7.6,8.38,0,1,0,0.182,1,train
239.6,22.3,0.744,0.197,0.53,2.62,1,0,0,0.317,1,train
285.0,33.4,0.495,0.487,4.51,2.05,0,0,0,0.148,1,train
93.7,20.9,0.866,0.996,7.47,10.0,0,0,1,0.365,0,train
276.2,12.9,0.282,1.0,5.76,1.37,0,1,0,0.922,1,train
201.6,10.2,0.75,1.0,4.98,1.91,0,1,0,0.262,0,train
99.6,12.0,0.017,0.427,6.31,5.81,0,0,0,0.168,0,train
197.6,56.5,0.726,0.047,0.75,3.56,0,0,0,0.665,1,train
222.1,25.0,0.916,0.436,6.53,1.61,0,0,0,0.491,1,train
54.3,47.5,0.858,0.219,8.43,6.32,0,0,1,0.047,1,train
164.4,44.8,0.565,0.0,8.98,8.52,0,0,0,0.788,1,train
224.8,11.7,0.76,0.051,4.49,7.52,0,1,0,0.715,1,train
121.6,15.1,0.251,0.378,3.1,1.86,0,0,1,0.977,0,train
148.3,47.9,0.689,0.232,7.67,6.2,0,1,0,0.938,0,train
180.1,18.0,0.781,0.159,5.18,7.82,0,0,1,0.584,1,train
144.5,51.9,0.936,0.712,1.96,1.24,0,0,0,0.686,1,train
289.8,10.8,0.498,0.428,1.58,1.93,0,0,0,0.41,0,train
242.5,42.3,0.107,0.89,1.47,0.19,0,1,0,0.888,1,train
65.6,50.5,0.602,0.276,4.03,4.54,0,0,1,0.553,0,train
291.4,15.6,0.202,0.485,0.87,2.22,0,0,0,0.326,1,train
293.1,19.9,0.114,0.237,0.33,6.54,0,0,0,0.009,0,test
112.7,60.7,0.278,0.579,0.0,10.27,0,0,1,0.586,0,train
231.0,14.6,0.82,0.176,7.36,2.34,1,0,0,0.525,0,test
89.0,28.6,0.239,0.187,0.52,7.45,0,1,0,0.812,0,test
317.8,25.9,0.198,0.536,0.36,2.45,0,0,0,0.187,1,test
236.3,15.8,0.119,0.327,3.72,0.03,0,0,1,0.815,0,train
225.0,48.5,0.758,0.279,0.96,7.19,0,0,1,0.015,1,train
87.0,45.8,0.741,0.949,8.32,4.46,0,0,1,0.587,0,train
274.9,22.2,0.104,0.007,8.13,9.45,0,1,0,0.397,1,train
32.3,54.9,0.0,0.555,3.39,5.94,0,1,0,0.332,0,train
110.5,19.5,0.716,0.523,4.19,1.11,0,0,0,0.433,0,train
93.2,1.0,0.294,0.229,3.93,5.51,0,1,0,0.224,0,train
242.6,32.0,0.465,0.492,0.55,2.67,0,0,1,0.183,1,train
97.4,61.5,0.457,0.105,3.05,8.68,0,0,1,0.805,0,train
266.1,6.3,0.88,0.782,1.55,7.81,0,0,0,0.228,0,train
202.0,20.9,0.358,0.244,0.51,3.02,0,1,0,0.737,0,train
81.1,35.4,0.712,0.142,5.22,5.38,0,0,1,0.711,0,train
73.8,50.4,0.018,0.285,1.29,6.06,1,0,0,0.033,0,train
62.9,6.8,1.0,0.869,0.75,8.75,1,0,0,0.881,0,train
204.9,28.2,1.0,0.785,4.01,0.0,0,1,0,0.789,1,train
238.6,42.3,0.689,1.0,4.19,0.0,1,0,0,0.796,1,test
117.3,29.4,0.456,0.769,0.65,0.83,0,0,0,0.809,0,train
283.5,16.7,0.251,0.713,0.0,4.61,0,0,0,0.583,0,test
46.0,13.3,0.791,0.487,1.47,5.14,1,0,0,0.993,0,train
255.8,30.0,0.716,0.823,2.3,1.43,0,0,0,0.179,1,train
288.4,38.1,0.224,0.524,7.29,4.62,0,1,0,0.072,1,train
249.4,51.7,0.387,0.308,8.65,4.36,0,0,1,0.704,1,train
244.2,42.0,0.329,0.738,3.28,1.3,0,0,0,0.294,0,train
283.9,41.7,0.841,0.45,3.26,9.99,0,0,1,0.608,1,test
57.2,59.3,0.565,0.147,6.62,5.87,1,0,0,0.392,1,test
108.5,23.1,0.584,0.34,5.32,3.5,1,0,0,0.334,1,train
82.2,27.2,0.544,0.313,1.42,5.3,0,1,0,0.893,0,train
168.5,55.9,0.172,0.887,0.23,3.51,0,0,0,0.142,0,train
239.5,23.9,0.397,0.44,4.05,8.6,0,0,1,0.189,0,train
215.6,39.8,0.032,0.818,5.7,6.25,0,1,0,0.668,1,train
265.4,45.7,0.771,0.488,0.84,4.85,1,0,0,0.783,1,test
78.2,14.2,0.354,0.714,3.05,9.17,0,0,0,0.832,0,train
228.1,30.0,0.399,0.15,2.73,8.57,0,1,0,0.231,0,train
92.8,15.5,0.268,0.985,1.65,8.27,0,0,1,0.882,0,train
107.6,12.7,0.206,0.5,3.79,3.06,0,0,1,0.61,0,train
231.2,27.7,0.637,0.228,5.49,1.72,0,1,0,0.823,1,train
300.1,15.4,0.29,0.225,4.46,6.75,1,0,0,0.069,0,test
214.6,46.9,0.049,0.326,1.98,4.95,0,1,0,0.357,1,test
53.3,52.0,0.656,0.301,1.67,7.34,0,1,0,0.525,0,test
197.1,49.5,0.331,0.661,6.82,7.99,0,0,1,0.577,0,test
79.2,17.3,0.374,0.986,4.12,3.31,0,0,0,0.099,0,test
269.1,18.6,0.385,0.643,0.2,2.1,1,0,0,0.539,0,train
227.8,17.7,0.752,0.46,1.82,3.66,0,1,0,0.665,1,train
91.2,12.3,0.325,0.53,7.27,3.37,1,0,0,0.362,1,train
86.5,55.3,0.904,0.762,6.77,6.89,1,0,0,0.501,0,train
109.9,23.9,0.91,0.838,7.16,7.46,0,0,1,0.293,0,train
308.4,17.6,0.661,0.256,5.43,5.07,0,0,1,0.871,1,train
165.0,54.8,0.353,0.936,3.32,8.2,0,0,1,0.599,0,train
235.6,27.3,0.822,0.342,3.84,5.81,1,0,0,0.551,1,train
232.2,5.1,0.51,0.843,2.25,7.61,0,0,1,0.944,0,train
203.4,13.5,0.463,0.973,6.04,1.81,0,1,0,0.665,0,train
80.8,34.0,0.607,0.763,5.34,7.01,0,0,0,0.28,0,train
303.6,47.6,0.292,0.125,1.18,5.96,0,0,1,0.642,1,train
118.9,15.4,0.086,0.714,8.0,2.98,0,0,0,0.962,0,test
211.4,52.7,0.517,0.004,3.54,6.11,1,0,0,0.024,1,train
242.7,49.5,0.162,0.694,0.63,9.15,0,1,0,0.627,0,test
201.3,50.4,0.277,0.387,2.91,2.83,0,0,1,0.157,1,train
292.1,20.5,0.584,0.724,7.92,7.28,0,1,0,0.816,0,train
96.5,11.1,0.896,0.931,7.73,9.26,0,0,1,0.641,0,train
208.5,49.9,0.09,0.207,4.12,8.25,0,1,0,0.937,0,train
142.1,20.3,0.646,0.427,8.89,3.93,0,0,0,0.67,0,train
185.7,37.6,0.353,0.665,8.21,5.58,1,0,0,0.017,0,train
80.0,49.2,0.036,0.362,7.46,10.8,0,0,0,0.51,0,train
68.6,12.5,0.262,0.224,8.33,5.03,0,1,0,0.904,0,train
118.1,48.2,0.14,0.069,3.64,1.05,0,1,0,0.232,0,train
126.2,58.2,0.251,0.492,6.71,0.0,0,1,0,0.083,1,train
144.3,43.3,0.364,0.755,4.71,8.05,0,1,0,0.72,1,train
206.5,33.4,0.426,0.594,7.05,4.24,0,0,0,0.503,0,train
220.2,53.2,0.53,0.083,1.91,2.29,0,0,0,0.048,0,train
155.8,31.4,0.07,0.557,7.3,3.01,0,0,0,0.28,0,train
145.7,45.3,0.296,0.308,9.49,7.57,0,0,0,0.327,1,test
102.6,53.8,0.148,0.294,2.21,4.38,0,0,1,0.668,0,train
197.0,44.9,0.562,0.714,8.36,8.62,0,1,0,0.472,1,train
131.9,23.7,0.355,0.284,2.26,8.33,0,0,0,0.487,0,train
72.3,9.6,0.564,0.586,2.16,9.83,1,0,0,0.807,0,train
157.9,15.8,0.223,0.938,1.27,9.15,0,0,0,0.278,0,train
151.7,34.6,0.154,0.57,7.1,2.31,0,1,0,0.673,0,train
99.7,30.2,0.896,0.568,4.5,6.2,0,0,1,0.368,0,test
195.1,39.5,0.178,0.063,2.73,0.19,0,1,0,0.418,0,test
204.9,27.8,0.119,0.132,5.55,11.16,0,1,0,0.556,0,train
241.1,45.7,0.058,0.089,3.3,2.47,1,0,0,0.696,1,train
233.3,55.0,0.97,0.758,4.14,6.83,0,1,0,0.945,0,train
214.7,16.9,0.585,0.947,8.03,8.08,0,1,0,0.269,0,test
138.2,46.6,0.645,0.171,5.96,0.23,1,0,0,0.104,1,train
229.4,48.0,0.992,0.092,7.33,8.08,1,0,0,0.429,1,train
192.4,32.7,0.027,0.407,5.5,1.31,0,0,1,0.547,1,test
145.0,17.0,1.0,0.618,8.45,4.72,0,1,0,0.228,1,train
205.8,48.8,0.269,0.614,2.73,5.54,0,0,0,0.89,0,train
176.5,57.9,0.718,0.661,2.85,3.57,1,0,0,0.799,1,test
181.8,44.2,0.434,0.848,1.02,4.69,0,0,1,0.494,0,train
223.8,52.9,0.382,0.411,5.1,8.59,1,0,0,0.45,0,test
276.5,60.1,0.973,0.662,6.18,3.47,0,1,0,0.041,1,train
274.1,23.5,0.115,0.455,5.88,5.91,0,0,1,0.537,1,test
164.4,37.4,1.0,0.326,3.52,8.77,0,0,1,0.596,1,train
205.3,34.1,0.369,0.98,0.0,7.46,0,1,0,0.892,1,train
262.8,59.6,0.561,0.105,6.13,0.88,0,1,0,0.501,1,test
132.8,9.5,0.976,0.658,9.04,9.18,1,0,0,0.157,1,train
254.6,31.7,0.031,0.668,2.15,0.62,0,1,0,0.18,1,train
169.8,47.6,0.908,0.86,1.46,5.99,0,1,0,0.16,1,train
97.5,24.4,0.59,0.61,2.94,5.57,0,0,1,0.939,0,train
71.7,45.7,0.781,0.317,3.74,7.42,0,1,0,0.793,1,train
223.5,26.7,0.098,0.727,2.01,1.27,0,0,1,0.825,0,train
92.9,57.1,0.513,0.794,2.87,2.73,0,1,0,0.84,1,train
122.3,50.8,0.628,0.509,6.0,8.08,1,0,0,0.096,1,train
137.7,25.5,0.406,0.741,3.81,2.01,0,1,0,0.702,0,train
106.3,52.9,0.119,0.207,2.71,4.3,1,0,0,0.704,1,test
134.1,22.9,0.232,0.526,1.48,6.6,0,1,0,0.225,0,train
244.6,39.4,0.89,0.93,8.34,7.06,0,0,0,0.491,1,train
48.6,41.4,0.054,0.333,3.89,2.56,0,0,1,0.662,0,train
242.0,55.8,0.645,0.512,2.78,3.11,0,1,0,0.897,1,train
267.5,1.0,1.0,0.966,0.78,9.5,1,0,0,0.11,0,train
160.2,18.2,0.064,0.818,5.78,3.75,0,0,0,0.892,0,train
80.6,42.0,0.107,0.859,7.35,0.88,1,0,0,0.922,0,train
191.5,28.9,0.748,0.373,0.05,2.79,0,1,0,0.924,1,test
94.6,31.2,0.08,1.0,1.78,3.08,0,0,0,0.005,1,train
135.7,13.6,0.58,0.237,0.7,9.61,0,1,0,0.221,0,train
284.7,22.2,0.705,0.445,5.6,3.65,1,0,0,0.691,1,train
294.4,55.0,0.587,0.467,8.14,0.0,0,1,0,0.322,1,test
242.2,10.3,0.398,0.849,3.56,6.02,0,0,1,0.061,0,train
108.9,26.8,0.709,1.0,3.88,0.78,1,0,0,0.763,0,train
215.4,57.3,0.574,0.838,6.51,2.55,0,0,1,0.029,1,train
229.1,2.6,0.086,0.579,6.23,9.95,0,1,0,0.446,1,train
149.6,44.1,0.595,0.504,2.15,6.85,0,1,0,0.948,0,test
224.1,21.9,0.859,0.514,1.14,1.07,1,0,0,0.44,0,train
74.8,52.8,0.714,0.572,3.22,4.93,0,0,0,0.912,0,train
120.4,47.1,0.501,0.068,7.04,2.26,0,1,0,0.409,0,train
192.2,54.1,0.301,0.427,6.35,1.32,0,0,1,0.347,1,train
89.2,23.5,0.147,0.889,5.94,5.64,0,1,0,0.107,0,train
84.0,32.9,0.257,0.77,7.18,5.05,1,0,0,0.358,0,train
259.3,52.7,0.021,0.794,2.75,7.22,0,1,0,0.337,0,train
304.3,18.9,0.978,0.376,3.01,9.66,0,1,0,0.847,1,train
198.9,22.8,0.323,0.435,0.18,2.97,0,1,0,0.92,0,test
267.2,2.8,0.772,0.075,8.41,9.18,0,0,0,0.022,1,train
296.1,58.3,0.149,0.396,5.19,4.72,0,0,0,0.098,1,train
94.8,42.9,0.209,0.419,3.12,3.36,0,0,1,0.643,0,train
177.2,40.4,0.462,0.236,1.12,8.53,0,0,1,0.485,0,train
158.7,49.6,0.289,0.041,7.03,0.29,0,1,0,0.297,1,test
69.6,35.4,0.77,0.657,7.02,6.37,0,0,1,0.26,0,train
228.8,34.8,0.927,0.435,6.0,6.96,0,1,0,0.225,1,test
148.2,27.7,0.879,0.311,1.81,2.64,0,0,0,0.525,0,train
159.2,37.8,0.079,0.331,8.12,8.52,0,0,0,0.017,0,train
90.8,16.1,0.642,0.539,5.91,1.74,0,1,0,0.739,0,train
101.5,53.7,0.175,0.372,6.21,8.56,0,0,0,0.3,0,train
259.8,49.1,0.787,0.326,5.96,0.4,0,0,0,0.427,1,test
55.1,21.4,0.569,0.643,8.47,1.31,0,1,0,0.527,0,train
111.1,40.4,0.43,0.04,8.31,3.46,0,0,0,0.211,1,test
112.2,11.7,0.147,0.92,5.63,8.25,1,0,0,0.884,0,train
177.8,62.8,0.09,0.123,3.2,1.03,1,0,0,0.682,1,test
192.9,54.7,0.246,0.503,2.81,8.88,0,1,0,0.87,1,train
164.6,57.6,1.0,0.219,6.38,2.22,0,0,1,0.475,1,test
71.7,24.9,0.77,0.509,5.75,4.55,0,1,0,0.432,1,test
115.6,11.8,0.828,0.255,0.39,4.7,0,0,0,0.237,0,train
250.7,17.7,0.096,0.885,0.92,1.1,0,1,0,0.545,0,train
206.5,15.7,0.695,0.48,8.24,9.75,0,1,0,0.593,0,train
217.9,12.4,0.289,0.633,7.79,4.74,0,0,1,0.42,0,test
208.4,11.6,0.512,0.337,7.99,6.87,1,0,0,0.145,1,train
220.8,61.5,0.34,0.042,4.87,5.89,0,0,1,0.273,1,train
46.1,10.0,0.342,0.427,7.04,5.03,0,1,0,0.014,1,test
136.6,12.8,0.569,0.681,7.02,6.27,0,0,0,0.319,1,test
169.1,52.1,0.341,0.559,2.57,8.69,0,0,1,0.581,1,train
130.4,39.2,0.438,1.0,1.24,6.75,1,0,0,0.956,0,train
281.1,43.5,0.711,0.659,8.9,5.33,1,0,0,0.178,1,train
154.1,40.4,0.174,1.0,0.79,5.47,1,0,0,0.055,0,train
238.8,53.0,0.889,0.29,5.34,6.81,0,0,0,0.296,1,train
288.6,38.9,0.48,0.775,6.59,5.41,0,0,1,0.157,0,train
181.1,37.6,0.881,0.426,5.96,6.33,0,1,0,0.696,1,train
273.0,42.0,0.663,0.631,2.47,4.77,1,0,0,0.006,1,train
194.9,25.4,0.73,0.921,6.9,8.12,0,0,0,0.981,0,train
267.7,26.4,0.618,0.678,2.43,9.03,1,0,0,0.856,1,train
155.5,26.5,0.914,0.829,7.99,10.06,0,0,1,0.491,0,test
168.3,8.6,0.631,0.834,1.86,7.99,0,0,1,0.921,1,train
173.8,51.5,0.274,0.16,6.27,7.16,0,1,0,0.628,1,test
59.7,19.8,0.121,0.836,6.06,7.4,0,1,0,0.994,0,train
150.9,14.9,0.582,0.423,1.62,2.23,1,0,0,0.278,0,test
262.5,17.2,0.031,1.0,2.58,4.7,0,1,0,0.997,0,train
202.1,47.2,0.227,0.699,7.37,3.67,0,0,0,0.18,1,train
83.5,19.6,0.033,0.117,0.74,0.0,0,0,1,0.353,0,train
147.6,41.9,0.68,0.096,2.4,10.25,0,0,0,0.935,0,train
91.8,48.3,0.215,0.043,3.95,8.95,0,1,0,0.371,0,train
61.0,10.2,0.552,0.462,8.09,5.34,1,0,0,0.21,0,train
262.6,45.7,0.913,0.026,4.87,2.66,0,0,1,0.059,1,train
163.6,22.5,0.796,0.648,3.04,6.6,0,1,0,0.149,0,train
112.4,17.4,0.311,0.526,9.05,3.05,1,0,0,0.355,0,train
194.5,44.0,0.603,0.843,4.29,8.57,0,1,0,0.421,1,train
78.4,56.5,0.445,0.35,4.15,9.75,0,0,1,0.542,1,train
130.7,20.2,0.459,0.537,3.54,4.08,0,0,1,0.814,0,train
224.2,36.8,0.621,0.187,2.79,2.62,1,0,0,0.013,1,train
246.8,21.6,0.222,0.796,2.06,3.27,0,0,0,0.841,0,train
284.5,28.2,1.0,0.149,6.34,1.33,0,1,0,0.577,1,train
219.1,41.1,0.093,0.145,0.41,2.71,0,1,0,0.756,0,train
151.0,39.0,0.822,0.226,5.7,0.48,1,0,0,0.757,1,train
237.4,41.0,0.658,0.755,1.77,0.97,0,0,0,0.903,1,train
259.7,8.6,0.263,0.162,3.35,3.3,0,1,0,0.093,1,train
233.3,42.2,0.748,0.583,2.02,1.89,0,1,0,0.572,1,train
291.5,38.8,0.093,0.7,4.55,7.62,1,0,0,0.909,0,train
241.8,44.8,0.885,0.78,6.7,0.92,0,0,1,0.719,1,train
279.8,4.9,0.6,0.19,2.76,8.2,0,0,1,0.097,1,train
71.7,26.8,0.08,0.03,1.25,1.99,0,1,0,0.614,0,train
237.0,29.1,0.0,0.415,2.15,0.19,0,0,0,0.8,0,train
169.9,7.9,0.665,0.138,7.28,0.0,1,0,0,0.275,0,train
170.5,14.4,0.265,0.676,2.41,6.42,1,0,0,0.632,0,test
204.5,32.0,0.883,0.423,7.11,1.85,0,0,1,0.84,1,train
293.1,48.7,0.729,0.464,2.78,5.15,0,0,1,0.524,1,test
303.7,20.2,0.719,0.171,2.05,1.38,0,1,0,0.194,1,train
139.1,53.2,0.244,0.599,6.42,9.84,0,0,1,0.55,0,train
230.8,34.3,0.654,0.149,4.18,1.0,0,1,0,0.588,1,train
233.7,46.2,0.985,0.58,0.43,3.65,0,0,1,0.403,1,train
126.2,29.0,0.174,0.016,8.73,8.36,0,0,1,0.68,1,test
84.9,33.0,0.26,0.936,1.59,2.04,0,0,0,0.433,0,train
56.7,37.5,0.249,0.64,3.31,2.64,0,1,0,0.877,0,train
241.0,54.7,0.279,0.241,3.65,7.32,0,0,1,0.792,1,train
171.3,33.8,0.654,0.072,4.27,3.08,0,0,1,0.805,1,test
303.0,37.6,0.439,0.467,6.64,0.0,0,1,0,0.526,1,train
159.5,39.3,0.639,0.107,0.0,4.47,0,1,0,0.196,0,train
285.2,50.9,0.267,0.314,7.72,0.57,0,0,0,0.724,1,train
158.1,6.8,0.092,0.968,6.52,9.26,1,0,0,0.069,1,train
212.1,27.8,0.269,0.589,7.67,6.82,0,0,1,0.518,1,train
64.0,33.6,0.862,0.205,7.83,4.8,1,0,0,0.053,1,train
175.0,53.4,0.555,0.631,8.02,1.77,0,0,0,0.528,1,test
265.0,31.3,0.497,0.252,5.88,7.55,1,0,0,0.686,0,train
275.9,25.4,0.774,0.968,2.33,7.03,0,0,0,0.419,1,train
248.9,55.2,0.071,0.0,3.89,1.53,0,0,1,0.417,1,train
58.7,25.3,0.23,0.591,6.5,9.66,1,0,0,0.123,1,train
136.0,13.6,0.257,0.777,4.13,5.94,0,0,1,0.302,0,train
57.3,15.7,1.0,0.025,6.45,7.8,0,0,1,0.444,0,test
78.5,10.5,0.806,0.107,0.05,2.15,0,1,0,0.864,0,train
213.8,8.8,0.572,0.41,6.94,0.98,0,1,0,0.898,0,test
223.2,30.8,0.071,0.781,2.39,6.82,0,0,1,0.954,0,train
231.3,42.4,0.217,0.585,8.36,7.64,0,0,1,0.1,1,train
252.5,47.2,0.694,0.684,1.37,3.4,0,1,0,0.296,1,train
235.6,7.1,0.374,0.759,1.28,0.44,0,0,0,0.463,0,train
253.9,36.1,0.913,0.824,6.79,9.03,0,1,0,0.642,1,train
45.1,13.4,0.821,0.405,7.53,2.53,1,0,0,0.703,0,train
117.8,57.4,0.505,0.554,6.48,3.23,0,0,1,0.786,0,test
214.6,12.1,0.843,0.729,8.76,6.79,1,0,0,0.496,0,train
276.2,38.9,0.987,0.279,2.2,1.17,0,1,0,0.557,0,test
54.7,26.5,0.455,0.885,6.81,0.7,0,1,0,0.961,1,train
186.3,38.2,0.495,0.0,3.0,0.21,0,1,0,0.24,1,train
245.5,24.6,0.822,0.105,5.09,9.07,1,0,0,0.804,1,test
53.8,46.6,0.225,0.858,4.17,3.44,0,0,1,0.712,0,train
137.8,14.3,0.82,0.382,0.07,6.68,0,1,0,0.14,0,train
255.5,49.7,0.146,0.118,5.53,9.53,0,0,0,0.926,1,train
239.0,31.5,0.57,0.211,6.65,6.31,0,0,1,0.855,1,train
130.6,50.9,0.753,0.606,1.59,5.4,0,1,0,0.78,0,train
252.1,51.6,0.587,0.915,8.19,5.42,0,1,0,0.127,1,test
128.3,60.5,0.568,0.037,5.16,3.61,0,0,1,0.14,1,train
259.4,10.9,0.581,0.0,1.72,5.43,1,0,0,0.683,0,train
139.4,22.1,0.179,0.386,5.59,10.21,1,0,0,0.107,0,train
182.1,19.1,0.227,0.937,1.13,8.4,0,0,0,0.113,0,train
125.6,17.5,0.324,0.367,1.01,3.25,0,0,1,0.4,0,train
144.7,37.6,0.649,0.915,5.87,3.99,0,0,1,0.005,0,train
275.4,60.2,0.44,0.852,1.03,8.73,1,0,0,0.721,1,test
102.4,56.3,0.143,0.246,1.9,1.45,1,0,0,0.54,1,train
68.7,35.0,0.869,0.785,6.98,9.06,0,1,0,0.078,0,train
141.1,43.7,0.373,0.685,1.14,3.38,0,0,1,0.544,0,train
211.2,51.6,0.463,0.435,7.07,7.66,0,1,0,0.054,1,train
241.8,53.7,0.365,0.488,7.59,8.18,1,0,0,0.071,1,test
300.9,15.7,0.25,0.807,1.28,4.08,1,0,0,0.485,0,train
96.8,36.6,0.732,0.942,4.81,0.91,0,0,1,0.5,1,train
148.4,47.1,0.393,0.687,1.68,8.89,0,0,1,0.339,0,train
79.8,23.4,0.0,1.0,5.58,4.35,1,0,0,0.622,0,train
190.1,27.2,1.0,0.562,0.57,2.8,1,0,0,0.387,0,train
292.8,59.9,0.856,0.782,8.14,4.97,0,1,0,0.587,1,test
213.3,57.5,0.786,0.839,2.22,4.07,1,0,0,0.35,1,train
176.9,53.1,0.807,0.156,5.92,6.54,0,1,0,0.715,1,train
149.8,53.5,0.865,0.0,1.56,1.91,1,0,0,0.579,1,train
275.2,15.6,0.297,0.405,1.23,4.47,0,0,1,0.16,0,train
157.7,24.1,0.622,0.858,4.28,8.8,0,0,1,0.686,0,train
84.3,40.3,0.598,0.193,4.9,1.69,0,0,0,0.784,1,train
137.8,37.9,0.238,0.838,9.28,3.86,0,0,0,0.066,0,train
61.3,28.8,0.2,0.0,0.23,6.88,0,1,0,0.61,0,train
74.6,36.2,0.066,0.359,0.0,8.35,1,0,0,0.79,0,train
62.6,25.2,0.649,0.578,3.0,5.86,0,1,0,0.115,0,train
148.5,46.7,0.848,0.114,2.96,8.32,0,0,1,0.902,0,test
209.4,24.0,0.67,0.875,8.29,2.65,1,0,0,0.415,1,train
126.1,19.4,0.337,0.156,7.79,3.4,0,1,0,0.738,0,train
150.4,9.4,0.288,0.909,7.82,9.24,0,1,0,0.899,0,train
303.6,12.9,0.443,0.265,1.43,8.72,1,0,0,0.99,0,train
244.4,51.2,0.515,1.0,4.35,5.04,0,0,1,0.584,0,train
198.8,35.5,0.975,0.647,6.71,5.07,0,0,1,0.704,1,train
125.1,14.7,0.816,0.084,2.72,4.65,0,1,0,0.252,0,train
279.0,43.8,0.915,0.079,6.08,0.81,0,0,0,0.29,1,train
87.4,32.1,0.788,0.06,1.3,8.89,1,0,0,0.851,0,test
127.5,8.1,0.852,0.65,2.43,8.09,1,0,0,0.398,0,train
274.6,22.3,0.456,0.829,7.59,5.15,0,1,0,0.822,1,train
197.1,12.0,0.0,0.393,1.97,3.31,0,0,1,0.051,0,train
229.5,40.0,0.083,0.434,8.04,4.14,0,0,1,0.218,1,train
200.9,17.8,0.457,0.583,3.1,1.42,1,0,0,0.17,0,train
216.1,9.5,0.369,0.535,0.32,7.89,0,0,0,0.527,0,train
138.7,16.1,0.176,0.685,2.35,5.36,0,1,0,0.081,0,train
108.7,38.6,1.0,0.438,1.26,2.24,0,1,0,0.344,0,test
140.6,5.9,0.219,0.76,4.59,6.83,0,0,1,0.986,0,test
68.4,49.7,0.936,1.0,1.22,10.21,0,0,0,0.794,0,train
249.2,9.5,0.645,0.457,5.53,1.08,0,0,1,0.761,1,train
93.4,40.6,0.739,0.0,8.05,4.06,0,0,0,0.135,1,train
199.8,31.5,0.613,0.166,2.94,4.84,1,0,0,0.365,1,train
256.1,28.0,0.414,0.439,1.56,1.33,0,0,1,0.681,1,train
256.7,12.6,0.679,0.394,4.06,6.18,0,0,0,0.022,0,train
151.5,49.2,0.128,0.853,7.57,6.44,0,1,0,0.434,0,train
162.3,56.4,0.956,0.568,5.85,1.19,0,1,0,0.929,1,train
297.2,6.5,0.43,0.54,1.02,1.02,0,0,0,0.082,0,train
236.0,14.3,0.347,0.761,4.85,8.17,1,0,0,0.906,0,train
274.0,51.9,0.68,0.213,4.03,2.83,0,1,0,0.195,1,train
285.2,34.8,0.614,0.791,2.22,6.22,0,0,0,0.189,0,test
250.9,15.8,0.457,0.047,0.45,6.83,0,0,0,0.195,0,train
112.3,14.6,0.623,0.564,8.76,7.91,0,0,0,0.931,0,test
187.5,42.6,0.231,0.932,1.54,8.54,0,0,0,0.604,0,train
70.8,41.6,0.718,0.765,2.3,7.93,1,0,0,0.751,1,train
211.7,40.3,0.169,0.903,1.84,5.55,0,0,0,0.366,0,test
277.1,58.4,0.3,0.448,4.86,5.34,0,1,0,0.873,0,train
176.1,28.6,0.151,0.714,4.32,4.6,0,0,1,0.582,0,test
144.8,20.8,0.335,0.614,2.06,3.7,0,1,0,0.6,0,test
71.3,34.0,0.346,0.582,4.14,4.37,0,0,0,0.752,0,train
296.5,21.0,0.526,0.073,6.38,1.5,0,0,1,0.774,1,train
92.9,14.1,0.249,0.145,3.03,4.31,0,0,0,0.682,0,train
40.7,7.3,0.148,0.573,8.04,3.25,1,0,0,0.119,0,train
134.3,30.8,0.538,0.212,3.16,0.0,1,0,0,0.867,1,train
47.5,42.1,0.102,0.749,1.03,2.33,0,1,0,0.261,0,train
149.4,7.5,0.588,0.812,9.11,8.43,1,0,0,0.996,0,test
171.6,29.9,0.937,0.906,7.29,6.71,0,0,1,0.386,0,train
143.8,38.7,0.537,0.014,3.09,7.93,0,1,0,0.12,0,train
65.4,39.1,0.798,1.0,6.76,4.95,0,0,1,0.316,0,train
75.0,46.4,0.097,0.086,4.51,8.68,1,0,0,0.574,0,test
136.6,48.5,0.04,0.411,3.66,8.18,1,0,0,0.391,0,train
48.6,39.2,0.739,0.779,7.39,1.28,0,0,1,0.829,1,train
238.1,10.6,0.703,0.071,7.05,8.51,0,1,0,0.682,1,train
111.3,33.8,0.758,0.074,2.69,1.73,1,0,0,0.213,0,train
141.7,38.4,0.0,0.0,5.89,6.53,1,0,0,0.539,0,train
153.3,21.8,0.857,0.578,3.4,7.83,1,0,0,0.788,0,train
122.4,9.1,0.318,0.806,0.0,2.96,0,0,1,0.891,0,test
35.5,17.1,0.273,0.072,8.68,6.48,1,0,0,0.395,0,train
83.6,28.1,0.299,0.097,5.59,3.87,0,1,0,0.924,0,train
261.3,26.3,0.952,0.673,5.58,0.65,0,0,1,0.036,1,train
43.6,10.3,0.084,0.151,5.35,0.31,0,1,0,0.677,0,train
163.8,49.5,0.891,0.686,5.86,0.89,0,0,1,0.782,1,test
183.7,56.4,0.7,1.0,3.07,1.19,0,1,0,0.425,1,train
138.7,21.2,0.655,0.779,9.07,6.47,0,0,0,0.011,1,train
163.8,57.7,0.669,0.83,5.72,5.43,0,1,0,0.687,0,train
237.5,3.4,0.877,0.577,6.33,4.7,0,1,0,0.343,1,test
262.4,51.6,0.3,0.893,4.4,7.62,0,0,0,0.152,1,train
99.0,56.7,0.0,0.203,1.72,0.0,0,0,1,0.157,0,train
129.1,8.1,0.569,0.032,0.74,2.31,0,0,1,0.769,0,train
80.3,46.3,0.379,0.628,3.09,7.79,0,0,0,0.187,0,test
151.1,60.0,0.161,0.069,1.38,8.73,1,0,0,0.484,0,train
216.9,54.3,0.227,0.814,5.88,4.19,0,0,0,0.97,1,train
135.6,60.5,0.281,0.771,7.29,1.46,0,0,1,0.759,1,test
111.1,30.5,0.038,1.0,2.0,7.91,0,1,0,0.547,0,train
267.7,14.1,0.07,0.3,3.49,7.94,0,1,0,0.528,0,train
64.7,48.4,0.992,0.508,6.22,3.92,1,0,0,0.167,0,train
186.4,41.1,0.298,0.813,0.38,2.46,0,0,0,0.446,0,test
230.3,38.0,0.981,0.36,8.13,0.46,1,0,0,0.145,1,train
96.0,27.6,0.903,0.635,3.63,6.19,0,1,0,0.084,0,train
57.8,35.7,0.254,0.555,0.8,9.34,0,0,1,0.109,0,train
78.4,14.2,0.724,0.96,2.07,6.71,0,0,1,0.607,1,train
280.7,47.1,0.665,0.775,8.81,2.58,1,0,0,0.194,1,train
44.4,12.3,0.692,0.088,1.68,6.21,0,0,0,0.149,0,train
105.8,49.4,0.101,0.582,5.9,8.01,0,1,0,0.867,1,train
38.5,52.7,0.099,0.687,1.23,4.62,0,0,0,0.122,0,train
88.3,36.1,0.0,0.098,1.19,8.54,1,0,0,0.706,0,train
205.5,33.3,0.679,0.422,7.33,4.12,1,0,0,0.417,1,train
107.8,25.4,0.991,0.239,1.01,3.9,0,0,1,0.579,0,train
172.6,59.6,0.684,0.107,0.0,5.64,1,0,0,0.023,1,test
185.8,43.7,0.636,0.499,4.62,5.4,0,1,0,0.0,1,test
276.7,25.8,0.93,0.223,8.18,10.11,1,0,0,0.817,1,train
48.7,16.1,0.742,0.537,3.14,5.22,0,0,1,0.475,0,train
266.7,17.0,0.145,0.013,1.45,4.15,0,0,0,0.071,0,train
194.2,31.8,0.83,0.627,8.73,3.61,0,0,0,0.343,1,train
90.3,59.4,0.405,0.134,6.33,4.43,0,0,0,0.506,1,test
226.8,45.3,0.016,0.857,7.6,3.25,0,0,0,0.135,1,train
265.1,8.0,0.5,0.037,6.59,7.6,0,1,0,0.546,1,train
118.0,57.3,1.0,0.457,7.04,3.85,0,1,0,0.529,1,train
283.5,24.9,0.23,0.247,2.53,3.77,0,0,0,0.603,1,train
152.8,49.4,0.566,0.169,2.17,5.75,0,0,0,0.81,0,test
196.8,14.9,0.197,0.405,6.61,0.0,0,0,0,0.413,0,train
302.6,38.0,0.057,0.809,6.34,7.27,0,0,1,0.889,0,train
137.8,54.3,0.163,0.879,7.98,4.95,1,0,0,0.475,1,train
249.8,17.0,0.744,0.345,4.7,4.32,0,0,0,0.457,1,train
152.4,41.1,0.858,0.095,2.28,6.86,0,0,0,0.656,0,train
238.4,60.9,0.226,0.699,4.76,8.21,0,0,1,0.618,1,test
213.1,19.4,0.363,0.549,6.01,8.9,0,0,0,0.011,0,train
90.2,12.3,0.267,0.25,4.5,3.26,0,0,1,0.982,0,train
161.4,45.4,0.0,0.751,6.48,3.85,0,0,0,0.943,0,train
137.9,22.6,0.58,0.582,4.71,7.07,1,0,0,0.281,0,train
63.4,9.2,0.713,0.584,0.0,5.51,0,0,0,0.559,0,test
42.8,32.4,0.646,0.356,5.64,6.17,1,0,0,0.77,0,train
113.0,44.5,0.425,0.405,5.87,5.16,0,1,0,0.92,1,train
47.4,19.4,0.571,0.107,8.27,7.07,1,0,0,0.586,0,train
97.7,26.0,0.135,0.752,3.82,2.29,0,1,0,0.019,0,train
218.4,54.8,0.138,0.261,5.15,5.45,1,0,0,0.681,1,train
228.2,33.8,1.0,0.727,3.83,1.89,0,0,0,0.093,0,train
216.9,47.8,0.808,0.79,4.99,4.22,0,0,1,0.671,1,train
126.5,28.7,0.955,0.668,0.53,6.91,0,0,0,0.587,1,train
258.7,53.1,0.946,0.0,7.6,3.91,0,1,0,0.641,1,train
197.5,41.0,0.719,0.226,8.42,3.36,1,0,0,0.189,1,train
75.5,12.1,0.99,0.441,4.76,9.13,0,0,1,0.494,0,train
71.6,52.9,0.41,0.571,5.1,7.09,0,0,1,0.618,1,train
215.4,32.6,0.063,0.906,0.47,5.45,0,1,0,0.3,0,train
82.0,14.0,0.073,0.277,5.74,8.81,0,0,0,0.182,0,train
161.1,14.2,0.225,0.837,3.95,4.25,0,0,0,0.223,0,train
310.9,39.2,0.161,0.194,6.03,8.69,0,0,1,0.858,1,test
46.7,6.8,0.314,0.29,0.55,2.07,0,0,0,0.465,0,train
27.7,22.0,0.841,0.031,6.54,1.93,0,0,1,0.661,0,train
290.8,17.4,0.665,0.76,2.79,3.81,0,0,1,0.515,1,train
207.1,28.4,0.628,0.104,6.28,1.97,0,1,0,0.834,1,train
72.6,29.4,0.105,0.278,5.4,6.42,1,0,0,0.508,1,test
292.3,36.3,0.861,0.684,2.31,2.16,1,0,0,0.093,1,train
259.8,19.8,0.37,0.588,3.27,5.66,0,0,1,0.198,1,train
190.1,10.2,0.0,0.036,7.47,2.12,0,0,1,0.013,0,train
217.9,42.4,0.265,0.006,5.34,2.03,0,1,0,0.832,1,train
123.7,29.7,0.288,0.578,1.2,9.6,0,0,1,0.663,0,train
46.1,42.2,0.256,0.285,3.92,7.1,1,0,0,0.759,0,train
187.3,18.1,0.792,0.143,3.05,8.94,0,1,0,0.715,0,train
137.7,3.9,0.715,0.696,5.07,5.09,0,0,0,0.824,0,train
206.2,25.0,0.712,0.339,5.39,0.0,0,1,0,0.987,1,train
270.8,32.4,0.162,0.551,0.0,5.27,1,0,0,0.653,0,train
49.4,30.7,0.748,0.372,6.46,5.58,0,1,0,0.252,0,train
200.6,48.6,0.578,0.249,6.35,0.0,0,1,0,0.101,0,train
91.2,28.3,0.213,0.133,6.95,7.96,0,0,1,0.59,0,test
261.2,38.5,0.68,0.273,0.58,5.95,0,0,0,0.771,1,test
102.9,34.4,0.527,0.077,2.1,7.61,0,0,1,0.562,1,train
205.4,5.7,0.472,0.274,3.58,4.9,0,0,1,0.304,0,test
189.5,26.9,0.206,0.927,1.78,6.21,0,1,0,0.72,1,train
154.6,23.4,0.578,0.831,3.82,2.94,0,0,1,0.448,1,train
213.5,25.7,0.261,0.299,0.0,9.57,0,1,0,0.287,0,train
220.3,9.9,0.35,0.516,0.79,4.69,1,0,0,0.841,0,train
193.9,56.8,0.027,0.528,6.43,1.13,0,0,0,0.577,0,test
227.3,62.0,0.822,0.884,2.6,1.52,0,1,0,0.283,1,train
308.8,1.9,0.284,0.294,6.89,6.92,0,1,0,0.329,1,test
153.4,39.7,0.385,0.341,0.04,9.66,1,0,0,0.572,0,test
174.7,49.4,0.318,0.328,5.58,8.81,0,0,0,0.423,0,test
58.7,19.7,0.94,0.066,3.51,7.12,1,0,0,0.161,0,test
248.1,48.9,0.547,0.331,7.81,10.21,0,1,0,0.61,1,train
160.2,40.6,0.878,0.902,7.06,7.78,0,0,0,0.689,1,train
139.3,52.1,0.267,0.941,2.56,2.72,0,1,0,0.0,0,train
86.2,55.9,0.103,0.025,5.94,6.23,0,0,0,0.537,0,train
273.4,7.8,0.607,0.411,1.87,0.0,1,0,0,0.577,0,train
128.6,29.8,0.316,0.32,5.07,2.13,0,0,1,0.332,1,train
224.9,33.0,0.785,0.556,0.15,4.9,0,0,0,0.339,0,train
80.6,10.7,0.914,0.654,4.56,1.31,0,1,0,0.318,0,test
279.9,23.2,0.461,0.0,1.44,8.74,0,0,1,0.445,0,train
80.9,62.0,1.0,0.936,8.58,10.07,0,1,0,0.812,1,train
111.9,5.7,0.498,0.979,3.83,4.4,0,0,1,0.469,0,train
241.2,34.8,0.203,0.714,4.95,7.25,0,0,0,0.994,1,train
268.1,49.3,0.507,0.691,3.77,3.13,0,0,1,0.376,1,test
104.5,23.4,0.062,0.614,2.57,0.55,0,0,0,0.699,0,train
186.4,30.3,0.752,0.347,1.8,3.42,0,0,1,0.549,1,train
240.0,60.6,0.182,0.067,7.69,1.74,0,0,1,0.762,1,train
259.4,28.8,0.424,0.578,7.01,3.35,0,1,0,0.888,1,train
163.1,18.0,0.528,0.076,1.37,2.25,0,0,1,0.512,0,train
163.0,2.8,0.132,0.812,6.2,0.88,0,0,0,0.494,1,test
238.6,62.1,0.0,0.46,3.55,3.08,0,0,1,0.943,1,test
238.6,19.9,0.761,0.411,0.0,9.35,1,0,0,0.934,0,test
235.2,34.4,0.02,0.291,4.78,1.46,0,1,0,0.997,1,train
200.9,14.0,0.536,0.904,1.76,3.71,0,0,1,0.156,0,train
70.0,30.9,0.281,0.151,1.77,5.21,0,0,0,0.004,0,train
284.3,54.0,0.224,0.164,5.99,3.45,1,0,0,0.437,1,train
244.3,34.4,0.14,0.048,3.41,5.03,1,0,0,0.733,0,test
253.5,64.0,0.751,0.612,7.85,0.77,0,1,0,0.073,1,train
70.0,16.6,1.0,0.872,5.84,6.16,1,0,0,0.374,0,test
114.9,39.1,0.134,0.198,7.35,6.5,0,0,0,0.581,0,test
235.4,53.4,1.0,0.977,5.43,6.44,0,1,0,0.213,1,train
70.8,28.4,0.572,0.207,7.85,5.78,0,1,0,0.731,1,train
300.9,17.7,0.731,0.69,3.62,4.26,1,0,0,0.23,0,train
142.8,51.4,0.612,0.211,5.1,3.28,0,1,0,0.841,1,train
239.3,20.6,0.687,0.583,5.07,3.35,0,0,0,0.348,1,train
281.4,32.9,0.788,0.663,8.55,4.78,0,1,0,0.599,1,test
154.3,57.9,0.576,0.588,1.57,0.11,1,0,0,0.544,0,train
102.3,12.0,0.544,0.156,5.35,2.95,1,0,0,0.296,0,train
190.4,23.8,0.199,0.734,7.23,6.8,0,0,0,0.439,0,train
211.9,6.1,0.027,0.972,2.89,1.04,0,0,0,0.846,0,train
137.2,24.6,0.604,0.483,8.81,0.07,1,0,0,0.548,1,train
211.0,15.0,0.09,0.702,3.15,6.31,0,0,1,0.056,0,train
292.3,43.5,0.324,0.756,1.42,4.28,1,0,0,0.713,0,train
158.2,15.2,0.076,0.253,4.77,8.53,0,0,1,0.182,0,test
75.2,40.0,0.158,0.874,3.31,9.39,1,0,0,0.486,0,train
137.5,19.9,0.682,0.272,0.53,9.6,0,0,0,0.469,1,train
173.5,24.4,0.561,0.771,1.54,4.08,0,0,0,0.486,0,train
72.4,20.8,0.449,0.061,1.53,2.39,1,0,0,0.031,0,train
81.2,43.6,0.113,0.305,7.06,5.63,0,1,0,0.272,0,train
209.2,32.4,0.417,0.545,8.12,5.5,1,0,0,0.051,0,test
149.4,26.6,0.377,0.499,5.31,5.87,0,1,0,0.415,0,train
285.8,51.2,0.727,0.89,1.84,3.67,1,0,0,0.621,1,test
103.4,38.5,0.609,1.0,5.42,0.43,0,1,0,0.654,1,train
91.7,13.8,0.412,0.148,7.6,1.93,0,0,0,0.065,0,test
245.3,51.7,0.524,0.209,6.96,1.36,1,0,0,0.119,1,train
259.2,23.1,1.0,0.364,2.87,1.86,0,0,0,0.662,1,train
104.8,11.6,0.776,0.424,1.11,8.8,1,0,0,0.531,0,test
114.4,32.7,0.533,0.5,7.67,0.28,0,1,0,0.833,1,test
96.6,11.0,0.473,0.802,7.37,5.98,0,1,0,0.205,0,train
161.9,22.7,0.08,0.847,0.94,9.51,0,0,0,0.12,0,train
145.7,45.2,0.946,0.066,7.91,3.72,1,0,0,0.362,1,train
101.5,18.9,0.25,0.524,0.79,5.3,1,0,0,0.637,0,train
46.4,47.8,0.305,0.681,0.67,7.35,0,0,1,0.486,0,train
145.8,53.5,0.901,0.444,7.31,3.16,0,0,1,0.099,0,train
276.6,37.9,0.736,0.105,4.15,5.65,0,0,1,0.071,0,test
202.1,43.3,0.024,0.502,3.55,8.19,1,0,0,0.678,0,train
168.3,41.8,0.035,0.402,8.94,6.6,0,1,0,0.297,1,test
98.0,67.4,0.036,0.106,7.67,8.4,0,0,0,0.669,0,train
109.9,24.7,0.557,0.817,0.07,10.07,0,0,1,0.295,0,train
121.7,15.3,0.102,0.33,5.59,3.72,0,0,1,0.315,0,test
247.3,32.2,0.937,0.679,7.36,7.34,0,1,0,0.21,0,train
266.3,32.6,0.9,0.53,3.94,4.97,0,1,0,0.984,1,train
280.2,17.9,0.626,0.876,8.92,5.69,0,0,0,0.016,1,train
299.5,33.7,0.629,0.214,6.03,8.22,0,0,1,0.127,1,train
297.1,2.3,0.33,0.022,0.28,7.2,1,0,0,0.836,0,test
321.4,55.3,0.149,0.265,1.82,9.34,0,0,0,0.138,1,train
78.9,23.6,0.821,0.378,7.38,2.69,0,0,1,0.281,0,train
71.5,6.1,0.137,0.167,8.96,6.01,0,1,0,0.263,0,train
130.6,12.2,0.067,0.816,0.75,3.14,0,1,0,0.697,0,train
178.7,18.3,0.225,0.212,0.49,5.89,0,0,1,0.411,0,test
79.6,24.0,0.025,0.139,6.29,7.78,0,1,0,0.841,0,train
244.9,2.1,0.5,0.437,0.3,7.9,0,0,1,0.747,0,test
190.9,22.6,0.729,0.81,0.96,4.1,0,0,1,0.531,0,train
189.7,15.0,0.595,0.823,8.09,4.75,1,0,0,0.249,0,train
103.3,28.6,0.657,0.687,7.18,2.74,0,0,0,0.792,0,train
119.3,23.7,0.903,0.563,7.52,2.39,0,1,0,0.866,1,train
100.3,23.7,0.388,0.779,5.71,3.39,0,1,0,0.836,0,train
267.5,22.7,0.908,0.678,3.2,8.6,0,0,1,0.052,0,train
198.1,6.9,0.544,0.192,8.36,2.54,0,0,1,0.698,1,train
227.7,2.5,0.182,0.479,2.5,9.57,0,1,0,0.704,0,train
133.8,14.4,1.0,0.783,1.44,2.58,0,0,1,0.943,0,train
155.1,47.0,0.199,0.284,7.71,7.14,0,0,0,0.263,1,train
150.5,57.2,0.023,0.65,5.93,5.99,0,0,0,0.786,0,train
238.6,55.1,0.233,0.467,7.7,6.94,0,0,0,0.689,1,train
262.2,27.1,0.317,0.476,1.24,6.38,0,1,0,0.879,0,train
101.5,33.1,0.37,0.108,8.9,8.27,0,1,0,0.693,1,train
286.3,25.4,0.603,0.699,5.5,8.79,0,0,1,0.852,0,test
86.0,49.7,0.958,0.984,6.41,6.45,1,0,0,0.36,1,train
272.9,46.8,0.336,0.187,7.62,1.4,0,0,1,0.158,1,train
65.3,52.2,0.419,0.462,3.3,2.96,0,1,0,0.363,0,train
120.7,51.8,0.26,0.0,5.7,6.12,0,1,0,0.815,1,train
261.2,33.8,0.832,0.0,5.59,4.96,0,1,0,0.132,1,train
117.0,53.4,0.156,0.989,6.67,5.23,0,1,0,0.638,0,train
162.9,49.8,0.074,0.545,8.58,5.98,0,1,0,0.988,0,train
155.3,29.7,0.617,0.398,6.28,3.29,0,0,1,0.895,1,train
120.1,54.1,0.678,0.348,1.01,8.12,0,0,1,0.671,1,test
231.3,6.4,0.828,0.828,1.48,7.73,0,1,0,0.793,0,test
278.5,57.6,0.649,0.327,8.18,7.73,1,0,0,0.116,1,train
262.4,46.7,0.777,0.746,8.3,6.96,0,0,0,0.499,1,train
137.1,17.1,0.548,0.191,8.81,8.37,1,0,0,0.532,0,train
181.5,40.2,0.0,0.114,1.06,6.13,0,1,0,0.783,0,train
112.8,4.3,0.08,0.693,3.61,10.55,0,1,0,0.283,0,train
100.6,44.7,0.0,0.025,6.69,1.23,0,0,1,0.106,1,train
97.2,52.4,0.423,0.736,6.7,6.55,0,0,0,0.698,0,train
290.0,41.1,0.544,0.276,0.76,7.05,0,0,1,0.493,1,train
287.4,50.7,0.324,0.658,6.3,4.52,0,0,0,0.842,1,train
244.2,4.8,0.509,0.761,1.78,3.21,0,0,0,0.481,0,train
174.5,16.8,0.564,0.627,4.54,5.45,1,0,0,0.846,0,train
182.1,32.9,0.7,0.063,2.2,3.85,1,0,0,0.508,0,train
172.9,9.4,0.752,0.788,0.6,9.34,0,1,0,0.783,0,train
197.2,29.8,0.314,0.916,0.92,3.74,0,1,0,0.721,0,train
171.6,25.2,0.377,0.202,8.03,2.04,0,0,1,0.266,1,train
98.0,32.5,0.603,0.221,6.36,5.34,1,0,0,0.309,0,train
85.9,28.3,0.559,0.786,8.8,3.5,1,0,0,0.899,1,train
282.2,53.3,0.306,0.185,4.24,0.94,0,1,0,0.231,1,train
171.8,18.1,0.259,0.634,4.1,5.64,0,0,1,0.698,0,train
292.9,53.3,0.724,0.794,3.88,5.12,0,0,1,0.145,1,train
84.2,24.0,0.693,0.101,5.76,1.85,0,0,0,0.755,0,train
204.6,18.6,0.194,0.62,3.31,6.43,1,0,0,0.223,0,train
108.9,27.5,0.481,0.509,8.0,6.27,0,1,0,0.594,0,train
102.6,31.2,0.885,0.387,7.29,8.44,0,0,0,0.564,1,train
80.1,14.5,0.129,0.964,7.45,2.96,0,0,1,0.204,0,train
80.9,38.5,0.909,0.256,2.07,1.91,0,0,1,0.491,1,train
266.1,11.2,0.246,0.355,5.36,9.37,0,1,0,0.879,0,train
120.4,29.6,0.594,0.804,1.49,5.65,1,0,0,0.681,1,train
219.9,35.0,0.417,0.132,0.04,0.15,0,0,0,0.993,0,train
188.2,23.0,0.033,0.755,6.81,7.93,0,0,1,0.785,0,train
162.2,54.2,0.962,0.08,4.83,1.82,0,0,1,0.643,1,test
198.8,23.3,0.386,0.54,6.47,8.1,0,1,0,0.563,0,train
111.4,55.6,0.887,0.154,1.22,6.39,0,1,0,0.937,1,train
303.8,47.2,0.209,0.649,8.67,10.86,0,1,0,0.527,1,test
258.5,55.5,0.86,0.788,8.36,9.67,0,0,1,0.403,1,test
241.9,50.7,0.902,0.844,3.63,3.27,0,1,0,0.834,1,train
176.0,13.1,0.471,0.943,8.03,7.37,1,0,0,0.94,0,train
79.3,32.9,0.212,0.716,2.3,3.46,0,1,0,0.479,0,train
288.9,8.9,0.68,0.791,6.36,6.34,0,0,0,0.137,0,test
152.9,48.3,0.62,0.514,7.45,6.41,0,1,0,0.608,0,train
60.1,39.2,1.0,0.934,7.22,0.45,0,1,0,0.741,0,train
131.8,18.9,0.467,0.681,7.75,0.83,0,0,1,0.374,0,train
254.3,55.1,0.227,0.92,3.83,0.0,0,0,0,0.748,1,train
197.9,8.5,0.177,0.185,7.11,1.75,0,0,1,0.531,1,train
221.9,34.2,0.699,0.551,5.74,2.64,0,0,0,0.301,0,train
262.2,48.9,0.96,0.745,1.05,8.56,1,0,0,0.63,0,train
97.6,4.8,0.0,0.177,1.16,6.16,0,0,0,0.389,0,train
281.2,40.0,0.713,0.225,7.79,8.89,0,0,0,0.787,1,train
152.2,50.0,0.916,0.999,5.72,7.35,0,1,0,0.003,1,train
225.1,9.4,0.123,0.5,4.65,7.44,0,0,1,0.818,0,test
60.8,31.0,0.141,0.119,8.51,4.27,1,0,0,0.307,0,test
295.5,18.2,0.801,0.411,6.21,8.86,0,1,0,0.96,1,train
106.1,41.4,0.688,0.399,3.33,8.18,1,0,0,0.759,0,test
61.4,10.0,0.094,0.593,4.65,8.09,1,0,0,0.241,0,train
171.4,57.5,0.816,0.891,5.44,9.15,0,0,0,0.979,1,train
84.5,55.6,0.461,0.927,6.94,7.13,0,1,0,0.5,0,train
89.4,21.7,0.873,0.547,5.3,5.75,0,0,1,0.523,0,train
210.6,23.6,0.836,0.741,4.72,8.73,0,1,0,0.91,0,test
157.3,31.6,0.659,0.441,7.15,4.27,0,1,0,0.918,1,test
280.0,48.0,0.455,0.76,6.11,8.74,0,1,0,0.697,0,test
135.2,28.7,0.348,0.161,7.79,0.14,0,1,0,0.978,0,test
219.7,19.6,0.528,0.151,0.63,0.0,0,0,1,0.329,1,train
195.9,15.1,0.078,0.971,7.19,5.16,0,0,0,0.232,0,test
211.6,58.5,0.683,0.914,4.54,0.91,0,1,0,0.029,1,test
202.4,32.2,0.017,0.298,0.53,9.67,0,0,0,0.346,1,test
175.0,51.2,0.528,0.64,6.4,0.0,0,0,1,0.603,1,test
282.6,31.5,0.131,0.453,6.59,7.76,0,0,1,0.305,1,train
135.8,57.8,0.292,0.18,4.38,2.23,1,0,0,0.58,1,train
94.3,13.2,0.126,0.218,7.68,10.69,1,0,0,0.048,0,train
208.6,14.0,0.595,0.193,3.0,3.97,0,0,0,0.354,0,test
266.8,56.4,0.864,0.621,1.79,0.91,0,0,1,0.748,1,train
40.3,64.6,0.073,0.531,2.97,0.58,0,1,0,0.104,0,test
183.4,21.2,0.765,0.539,3.84,6.19,0,0,0,0.715,1,train
282.6,19.7,1.0,0.08,6.53,10.15,0,1,0,0.763,0,test
245.1,25.6,0.267,0.901,6.97,9.92,0,0,1,0.569,0,train
277.1,32.3,0.644,0.718,6.64,3.92,0,1,0,0.886,1,train
173.3,15.2,0.34,0.997,1.83,6.07,0,0,0,0.955,0,train
231.7,54.9,0.092,0.191,2.35,0.87,0,1,0,0.035,1,train
175.4,17.3,0.502,0.609,1.5,5.62,1,0,0,0.679,0,train
301.2,42.4,0.125,0.771,6.46,5.99,0,0,1,0.237,1,test
154.0,6.3,0.956,0.328,2.47,2.76,1,0,0,0.408,0,train
240.9,8.5,0.901,0.196,5.05,6.14,0,0,0,0.623,1,test
140.6,40.7,0.761,0.359,7.0,7.92,0,0,1,0.712,1,train
202.4,25.0,0.591,0.287,5.62,0.0,1,0,0,0.84,1,train
216.7,42.1,0.588,0.448,1.97,2.79,1,0,0,0.705,0,train
162.7,8.9,0.999,0.33,3.43,1.72,0,0,0,0.777,1,test
261.5,52.9,0.264,0.295,6.16,1.7,0,0,1,0.599,1,train
166.5,41.5,0.069,0.686,5.41,1.75,0,0,0,0.117,0,train
211.1,62.3,0.568,0.01,0.58,6.16,1,0,0,0.021,1,train
136.8,16.9,0.318,0.277,8.19,1.48,0,0,0,0.53,0,train
151.9,26.6,0.387,0.772,4.01,7.73,0,1,0,0.716,0,train
146.5,23.2,0.141,0.077,3.91,9.08,0,0,1,0.109,0,test
73.4,34.6,0.607,0.319,1.84,9.77,0,1,0,0.429,0,train
65.5,18.9,0.264,0.086,3.66,6.7,1,0,0,0.256,0,test
200.0,4.4,0.203,0.0,3.67,1.15,0,0,0,0.567,0,train
207.8,23.5,0.001,0.532,2.34,0.66,0,0,0,0.391,0,train
202.8,23.0,0.41,0.039,4.76,1.42,0,1,0,0.201,1,train
61.9,28.7,0.905,0.194,3.79,9.95,0,0,0,0.004,0,train
139.6,12.9,0.311,1.0,7.73,10.07,1,0,0,0.322,0,train
83.9,18.5,0.733,0.922,9.36,4.29,1,0,0,0.516,0,train
241.0,41.7,0.758,0.202,2.28,3.5,1,0,0,0.929,1,test
287.4,24.6,0.27,0.273,1.35,5.58,0,1,0,0.227,1,train
99.9,24.2,0.843,0.462,6.97,2.13,1,0,0,0.512,0,train
222.1,35.6,0.706,0.809,8.95,9.74,0,1,0,0.566,1,train
83.6,48.6,0.617,0.949,8.05,1.5,1,0,0,0.649,1,test
131.9,26.6,0.051,0.112,0.01,3.51,0,0,1,0.329,0,train
88.2,35.4,0.029,0.102,2.14,5.1,0,0,0,0.099,1,train
115.7,56.5,0.963,0.384,0.12,1.8,0,0,1,0.921,1,train
219.5,30.3,0.782,0.977,7.21,4.16,1,0,0,0.953,0,train
278.6,50.4,0.959,0.784,5.25,8.48,0,0,1,0.438,1,train
99.5,48.3,0.931,0.129,4.29,0.91,1,0,0,0.581,1,train
169.7,10.7,0.039,0.56,5.1,5.93,0,0,1,0.029,0,test
240.3,24.5,0.786,0.07,2.39,4.62,0,0,1,0.047,1,train
301.0,44.2,0.511,0.637,5.34,1.91,0,1,0,0.077,1,train
190.0,61.6,0.749,0.935,0.0,0.0,1,0,0,0.739,0,train
110.2,24.7,0.155,0.403,5.86,2.79,0,0,0,0.227,1,train
203.7,9.3,0.334,0.099,6.41,0.0,0,0,0,0.184,1,test
116.2,40.8,0.684,0.683,6.08,4.17,0,0,1,0.008,1,train
271.6,13.6,0.804,0.419,3.43,7.76,0,0,0,0.023,0,train
141.9,40.7,0.666,0.724,6.94,6.59,0,0,0,0.405,0,train
217.1,34.9,0.28,0.29,7.31,9.88,1,0,0,0.542,0,train
38.5,42.5,0.221,0.858,1.13,4.55,0,0,1,0.579,0,train
152.1,54.9,0.904,0.253,1.92,7.19,0,1,0,0.458,1,train
282.7,37.5,0.472,0.167,5.43,7.75,0,1,0,0.46,1,train
212.7,38.5,0.342,0.325,3.06,2.49,1,0,0,0.753,0,train
159.5,44.9,0.465,0.139,1.02,2.71,0,0,0,0.29,1,train
261.9,51.3,0.442,0.281,1.24,5.56,0,0,1,0.238,0,train
272.1,51.1,0.539,0.591,1.26,7.82,0,1,0,0.854,0,train
132.3,6.3,0.391,0.212,4.19,5.25,0,1,0,0.689,0,train
191.2,32.1,0.797,0.187,5.63,2.42,0,1,0,0.477,1,train
195.7,18.4,0.821,0.146,1.66,10.12,0,0,1,0.275,1,train
198.2,52.8,0.961,0.063,6.4,0.43,0,0,0,0.137,1,test
99.0,35.8,0.516,0.912,2.24,9.59,0,1,0,0.037,1,train
98.4,31.1,0.41,0.931,2.5,8.06,0,1,0,0.852,0,train
284.0,14.8,0.726,0.0,1.83,7.88,0,0,1,0.593,1,test
281.3,24.1,0.823,0.794,7.25,7.84,0,1,0,0.046,0,train
246.2,46.0,0.521,0.791,8.9,2.3,0,1,0,0.159,1,train
277.5,17.2,0.581,1.0,4.75,6.32,1,0,0,0.28,0,train
232.0,13.6,0.772,0.304,0.38,6.86,1,0,0,0.263,0,train
226.2,53.0,0.681,0.299,2.5,7.32,0,1,0,0.548,1,train
246.9,50.1,0.715,0.468,1.36,2.48,0,0,0,0.399,1,train
165.2,16.4,0.146,0.862,6.89,1.91,0,1,0,0.882,0,test
156.6,22.6,0.499,0.735,0.68,3.32,1,0,0,0.719,0,train
101.0,59.7,0.617,0.474,8.55,4.59,0,0,1,0.911,0,train
214.4,47.7,0.008,0.257,4.88,5.51,0,0,0,0.863,1,train
122.8,40.7,0.954,0.771,4.43,8.4,0,1,0,0.921,0,train
116.9,20.6,0.652,0.928,7.68,8.17,1,0,0,0.98,0,train
198.7,19.5,0.123,0.355,0.0,6.9,0,0,1,0.312,0,train
151.6,7.0,0.861,0.658,6.71,3.35,0,1,0,0.21,0,train
92.3,42.8,0.72,0.375,1.67,5.36,0,0,1,0.165,0,train
245.2,4.2,0.761,0.445,6.93,4.1,0,1,0,0.628,1,train
260.4,1.0,0.47,0.428,4.69,3.03,1,0,0,0.681,0,train
116.7,40.5,0.8,0.777,0.08,0.88,0,1,0,0.088,0,test
35.7,63.1,0.415,1.0,7.2,2.82,0,0,1,0.821,0,train
129.0,44.6,0.642,0.435,0.17,2.88,0,1,0,0.783,0,train
250.6,36.7,0.019,0.342,0.85,6.33,1,0,0,0.628,1,train
256.2,32.9,0.623,0.399,7.41,1.32,0,1,0,0.436,1,train
97.5,28.8,0.616,0.219,4.72,2.32,0,0,1,0.154,1,train
239.9,18.4,0.431,0.272,8.27,0.78,1,0,0,0.506,1,train
76.1,33.7,0.621,0.016,6.13,6.45,0,0,1,0.159,1,train
157.3,34.4,0.828,0.422,5.06,6.61,0,0,1,0.605,1,test
321.4,42.6,0.646,0.28,2.53,2.68,0,1,0,0.31,0,train
115.0,55.2,0.299,0.277,1.39,1.09,0,0,0,0.247,0,train
86.9,56.3,0.902,0.833,9.0,8.67,0,0,0,0.441,1,train
155.1,6.5,0.687,0.315,1.64,5.92,0,1,0,0.581,0,test
205.5,23.6,0.931,0.47,5.19,7.92,1,0,0,0.367,0,test
285.0,18.8,0.886,0.926,2.81,5.29,0,1,0,0.964,0,test
285.0,29.3,0.793,0.603,3.43,8.12,1,0,0,0.006,1,train
78.6,21.4,0.66,0.178,5.39,9.24,0,1,0,0.913,1,train
87.0,13.7,0.671,0.306,7.07,3.77,0,0,0,0.001,0,train
247.1,51.7,0.113,0.555,7.07,7.08,0,0,0,0.217,0,train
102.4,29.4,0.575,0.487,7.45,2.49,0,1,0,0.996,1,train
272.0,55.7,0.823,0.13,2.66,6.1,0,1,0,0.728,1,train
193.1,8.2,0.522,0.417,3.5,3.94,1,0,0,0.644,0,train
71.0,6.1,0.85,0.522,0.0,0.44,0,1,0,0.726,0,test
251.4,25.3,0.118,0.339,6.68,10.02,1,0,0,0.408,0,train
97.5,7.3,0.356,0.54,3.1,9.33,0,0,0,0.784,0,train
178.4,23.7,0.578,0.0,5.5,3.08,0,0,0,0.155,0,train
194.9,65.0,0.545,0.409,1.14,10.16,1,0,0,0.794,0,train
192.6,16.8,0.196,0.793,8.21,3.55,0,0,1,0.94,1,test
229.3,15.1,0.024,0.236,7.41,4.29,0,0,1,0.858,0,train
226.7,34.8,0.811,0.599,7.99,8.19,0,0,0,0.74,1,test
320.3,32.4,0.485,0.423,0.0,2.98,0,1,0,0.651,1,train
291.1,35.3,0.077,0.285,8.68,3.87,1,0,0,0.521,1,train
169.5,25.4,0.0,0.946,2.65,6.86,0,0,1,0.395,0,train
81.8,51.7,0.369,0.286,2.85,1.83,1,0,0,0.866,0,train
231.9,11.4,0.243,0.219,2.29,3.87,0,0,1,0.647,1,train
296.8,28.0,0.672,0.776,2.5,3.31,1,0,0,0.435,1,train
126.6,42.4,0.706,0.816,4.4,6.45,0,0,1,0.785,1,train
158.1,51.8,0.162,0.671,2.12,0.85,0,0,0,0.054,0,train
175.6,24.0,0.616,0.09,4.11,3.36,1,0,0,0.813,1,train
49.7,38.5,0.105,0.16,6.34,6.61,0,1,0,0.811,0,train
226.3,3.5,0.318,0.671,7.47,0.92,0,0,1,0.229,1,train
144.6,19.1,0.83,0.209,6.86,4.33,1,0,0,0.038,0,train
227.9,9.2,0.439,0.249,4.85,7.26,0,0,1,0.714,1,test
248.1,46.9,0.971,0.721,0.94,7.99,0,0,1,0.2,0,train
247.4,23.0,0.249,0.216,8.09,1.95,0,1,0,0.996,0,train
160.9,42.7,0.31,0.066,0.57,8.13,0,0,0,0.009,0,train
126.0,5.9,0.44,0.0,2.26,6.95,0,1,0,0.23,0,train
236.2,49.3,0.568,0.529,0.49,4.2,0,0,1,0.042,1,train
232.9,50.2,1.0,0.64,5.68,8.11,1,0,0,0.783,1,train
200.7,12.0,0.183,0.826,3.43,7.68,1,0,0,0.579,0,train
274.1,4.6,0.817,0.095,5.95,5.71,1,0,0,0.848,1,train
92.0,9.9,0.867,0.205,3.13,6.15,0,0,0,0.963,0,train
263.3,44.8,0.577,0.526,3.64,7.75,0,0,0,0.61,1,train
66.2,16.8,0.311,0.38,4.23,10.09,0,0,0,0.232,0,train
111.3,38.7,0.513,0.487,0.2,5.49,1,0,0,0.093,0,train
160.5,27.9,0.257,0.841,3.48,8.14,0,1,0,0.866,1,train
70.2,46.3,0.823,0.416,6.28,8.27,0,0,1,0.245,1,train
48.7,29.9,0.419,0.393,5.78,8.01,0,0,1,0.894,0,train
45.3,23.5,0.96,1.0,1.45,9.15,1,0,0,0.878,0,train
151.4,56.4,0.641,0.043,6.27,1.62,0,0,0,0.628,1,train
231.8,16.4,0.502,1.0,2.67,1.45,1,0,0,0.604,0,train
59.1,48.9,0.738,0.499,0.1,5.86,1,0,0,0.951,0,test
182.2,6.5,0.482,0.585,1.56,4.97,0,0,0,0.756,0,train
252.0,24.3,0.864,0.991,4.31,5.94,0,1,0,0.683,1,train
90.9,48.9,0.217,0.57,3.32,8.01,0,1,0,0.436,0,test
70.4,45.2,1.0,0.366,5.44,9.46,0,0,1,0.484,1,train
283.4,44.5,0.782,0.274,2.05,4.49,0,0,0,0.389,1,train
248.6,15.6,0.825,0.732,7.28,6.34,1,0,0,0.946,1,train
181.9,26.1,0.472,0.586,2.24,2.5,0,0,1,0.638,1,train
247.7,25.1,0.804,0.248,5.49,4.93,0,1,0,0.78,0,train
72.2,30.1,0.398,0.626,7.43,0.0,1,0,0,0.037,0,train
164.3,24.4,0.781,0.759,4.08,5.21,0,1,0,0.852,0,train
264.1,22.5,0.141,0.35,0.0,5.42,0,1,0,0.418,0,train
123.3,23.5,0.251,0.0,4.27,7.6,1,0,0,0.737,1,train
251.1,20.6,0.49,0.426,8.58,6.57,0,1,0,0.04,1,train
196.6,27.7,0.286,0.0,8.11,3.44,0,0,1,0.894,0,test
240.6,8.6,0.348,0.01,1.4,0.82,0,0,1,0.66,0,train
185.0,53.1,0.866,0.584,6.41,1.51,0,0,1,0.458,1,train
151.5,37.3,0.28,0.059,3.6,9.88,0,0,0,0.304,0,train
106.5,12.1,0.595,0.19,1.32,9.57,0,1,0,0.311,0,train
106.3,42.5,0.064,0.657,6.01,2.9,0,1,0,0.303,0,train
216.0,49.6,0.773,0.255,4.13,3.68,0,1,0,0.131,1,train
83.2,9.0,0.772,1.0,5.11,3.82,0,0,1,0.464,0,test
53.0,16.8,0.411,0.863,8.2,6.96,1,0,0,0.453,0,train
74.6,6.5,0.614,0.602,2.67,3.43,0,1,0,0.412,0,train
96.2,3.1,0.745,0.898,6.69,0.51,1,0,0,0.703,1,train
242.4,48.3,0.742,1.0,3.44,3.8,0,1,0,0.42,1,train
149.5,58.0,0.407,0.349,0.39,2.22,0,0,0,0.089,0,test
299.3,6.2,0.291,0.741,3.56,3.84,0,0,1,0.852,1,test
86.5,43.8,0.729,0.119,8.71,1.03,0,1,0,0.425,1,train
202.5,10.6,0.177,0.651,5.09,7.08,0,0,1,0.655,0,train
173.0,35.2,0.789,0.445,1.18,5.59,0,0,1,0.93,1,train
147.2,43.3,0.446,0.0,6.41,2.52,0,1,0,0.767,1,train
274.1,28.2,0.793,0.375,8.5,5.8,0,1,0,0.539,1,train
279.5,5.1,0.08,0.922,8.51,4.85,0,0,1,0.545,0,train
266.1,37.3,0.095,0.188,4.76,7.41,1,0,0,0.85,1,train
111.2,61.6,0.999,0.111,3.43,9.01,0,1,0,0.824,1,train
116.8,17.2,0.857,0.243,6.38,1.63,0,1,0,0.179,1,test
204.5,14.0,0.938,0.464,6.34,9.14,0,0,1,0.627,1,train
115.7,12.7,0.98,0.835,7.84,7.17,0,0,0,0.866,1,test
221.8,30.9,0.456,0.828,7.48,6.73,0,0,1,0.803,1,train
